po_number,vendor_id,product_id,order_date,promised_date,actual_delivery_date,quantity_ordered,quantity_received,unit_price,agreed_price,invoice_amount,order_status
PO00001,V001,P003,2025-04-27,2025-05-07,2025-05-05,25,26,174.52,180.0,4537.52,Delivered
PO00002,V001,P006,2025-03-23,2025-03-30,2025-03-31,20,21,2085.5,2100.0,43795.5,Delivered
PO00003,V001,P004,2025-01-06,2025-01-14,2025-01-14,500,525,253.55,260.0,133113.75,Delivered
PO00004,V001,P015,2025-06-25,2025-06-30,2025-06-30,50,52,202.4,210.0,10524.8,Delivered
PO00005,V001,P001,2025-05-09,2025-05-19,2025-05-19,50,49,42.79,45.0,2096.71,Delivered
PO00006,V001,P009,2025-05-13,2025-05-20,2025-05-19,20,19,44858.46,42000.0,852310.74,Delivered
PO00007,V001,P001,2025-04-24,2025-05-05,2025-05-05,25,24,48.99,45.0,1175.76,Delivered
PO00008,V001,P012,2025-01-08,2025-01-20,2025-01-21,500,485,684.88,650.0,332166.8,Delivered
PO00009,V001,P003,2025-03-04,2025-03-15,2025-03-15,50,43,185.92,180.0,7994.56,Partial
PO00010,V001,P002,2025-03-13,2025-03-22,2025-03-22,200,200,325.98,320.0,65196.0,Delivered
PO00011,V001,P002,2025-01-24,2025-02-02,2025-02-01,25,25,317.2,320.0,7930.0,Delivered
PO00012,V001,P002,2025-03-04,2025-03-16,2025-03-14,200,188,326.28,320.0,61340.64,Partial
PO00013,V001,P010,2025-08-09,2025-08-15,2025-08-14,25,25,38777.37,38000.0,969434.25,Delivered
PO00014,V001,P004,2025-02-27,2025-03-07,2025-03-08,500,518,249.3,260.0,129137.4,Delivered
PO00015,V001,P004,2025-07-06,2025-07-11,2025-07-12,50,52,260.56,260.0,13549.12,Delivered
PO00016,V001,P003,2025-05-01,2025-05-10,2025-05-12,20,20,188.34,180.0,3766.8,Delivered
PO00017,V001,P005,2025-02-19,2025-03-03,2025-03-02,500,525,1241.58,1200.0,651829.5,Delivered
PO00018,V001,P006,2025-06-18,2025-06-30,2025-06-30,25,23,2191.75,2100.0,50410.25,Partial
PO00019,V001,P009,2025-03-17,2025-03-25,2025-03-23,200,210,42830.14,42000.0,8994329.4,Delivered
PO00020,V001,P003,2025-01-07,2025-01-17,2025-01-18,50,48,187.17,180.0,8984.16,Delivered
PO00021,V001,P002,2025-07-04,2025-07-14,2025-07-16,100,92,360.3,320.0,33147.6,Partial
PO00022,V001,P004,2025-03-08,2025-03-14,2025-03-16,10,10,257.44,260.0,2574.4,Delivered
PO00023,V001,P001,2025-09-08,2025-09-18,2025-09-20,20,19,43.32,45.0,823.08,Delivered
PO00024,V001,P002,2025-03-09,2025-03-16,2025-03-15,100,105,309.97,320.0,32546.85,Delivered
PO00025,V001,P004,2025-03-16,2025-03-27,2025-03-25,10,9,273.74,260.0,2463.66,Partial
PO00026,V001,P001,2025-01-22,2025-02-02,2025-01-31,10,10,47.01,45.0,470.1,Delivered
PO00027,V001,P004,2025-06-22,2025-06-27,2025-06-28,25,24,241.95,260.0,5806.8,Delivered
PO00028,V001,P009,2025-01-26,2025-02-03,2025-02-02,50,50,43008.42,42000.0,2150421.0,Delivered
PO00029,V001,P001,2025-04-05,2025-04-17,2025-04-17,50,47,41.34,45.0,1942.98,Partial
PO00030,V001,P013,2025-04-26,2025-05-02,2025-05-05,100,100,903.23,850.0,90323.0,Delivered
PO00031,V001,P003,2025-06-27,2025-07-05,2025-07-05,50,52,202.81,180.0,10546.12,Delivered
PO00032,V001,P004,2025-01-16,2025-01-21,2025-01-20,10,9,259.18,260.0,2332.62,Partial
PO00033,V001,P004,2025-01-13,2025-01-22,2025-01-23,200,185,270.97,260.0,50129.45,Partial
PO00034,V001,P004,2025-05-26,2025-06-02,2025-05-30,20,18,264.43,260.0,4759.74,Partial
PO00035,V001,P004,2025-06-02,2025-06-07,2025-06-05,10,10,283.94,260.0,2839.4,Delivered
PO00036,V001,P001,2025-06-02,2025-06-09,2025-06-09,10,10,45.92,45.0,459.2,Delivered
PO00037,V001,P003,2025-09-28,2025-10-04,2025-10-07,50,51,178.06,180.0,9081.06,Delivered
PO00038,V001,P015,2025-04-04,2025-04-12,2025-04-10,10,10,214.95,210.0,2149.5,Delivered
PO00039,V001,P004,2025-03-20,2025-03-30,2025-03-30,200,195,272.08,260.0,53055.6,Delivered
PO00040,V001,P003,2025-09-23,2025-10-04,2025-10-05,200,203,179.05,180.0,36347.15,Delivered
PO00041,V001,P003,2025-09-10,2025-09-15,2025-09-17,100,105,177.58,180.0,18645.9,Delivered
PO00042,V001,P003,2025-07-04,2025-07-13,2025-07-13,10,10,179.64,180.0,1796.4,Delivered
PO00043,V001,P002,2025-04-08,2025-04-20,2025-04-20,200,197,331.59,320.0,65323.23,Delivered
PO00044,V001,P002,2025-06-10,2025-06-15,2025-06-17,25,26,335.92,320.0,8733.92,Delivered
PO00045,V001,P004,2025-02-22,2025-03-03,2025-03-03,200,171,256.11,260.0,43794.81,Partial
PO00046,V001,P001,2025-08-18,2025-08-26,2025-08-26,20,20,49.88,45.0,997.6,Delivered
PO00047,V001,P003,2025-08-22,2025-09-03,2025-09-03,10,9,179.36,180.0,1614.24,Partial
PO00048,V001,P002,2025-08-21,2025-08-26,2025-08-23,500,522,303.88,320.0,158625.36,Delivered
PO00049,V001,P004,2025-06-05,2025-06-12,2025-06-14,100,96,238.72,260.0,22917.12,Delivered
PO00050,V001,P004,2025-04-23,2025-04-29,2025-05-01,20,21,265.14,260.0,5567.94,Delivered
PO00051,V001,P004,2025-05-18,2025-05-25,2025-05-25,10,8,254.19,260.0,2033.52,Partial
PO00052,V001,P002,2025-08-10,2025-08-20,2025-08-20,20,19,344.68,320.0,6548.92,Delivered
PO00053,V001,P003,2025-09-22,2025-10-03,2025-10-03,20,21,187.86,180.0,3945.06,Delivered
PO00054,V001,P008,2025-06-08,2025-06-19,2025-06-20,200,184,426.53,410.0,78481.52,Partial
PO00055,V001,P003,2025-04-11,2025-04-19,2025-04-18,500,525,177.78,180.0,93334.5,Delivered
PO00056,V001,P001,2025-09-23,2025-10-05,2025-10-03,500,496,42.01,45.0,20836.96,Delivered
PO00057,V001,P003,2025-04-15,2025-04-23,2025-04-25,20,19,168.18,180.0,3195.42,Delivered
PO00058,V001,P003,2025-04-13,2025-04-22,2025-04-22,100,95,194.74,180.0,18500.3,Delivered
PO00059,V001,P003,2025-05-13,2025-05-23,2025-05-23,25,24,197.25,180.0,4734.0,Delivered
PO00060,V001,P002,2025-02-06,2025-02-11,2025-02-11,50,48,300.81,320.0,14438.88,Delivered
PO00061,V001,P001,2025-07-12,2025-07-23,2025-07-22,10,10,45.9,45.0,459.0,Delivered
PO00062,V001,P015,2025-03-13,2025-03-22,2025-03-24,50,44,213.24,210.0,9382.56,Partial
PO00063,V001,P002,2025-04-01,2025-04-09,2025-04-12,10,10,332.16,320.0,3321.6,Delivered
PO00064,V001,P015,2025-03-22,2025-04-01,2025-03-30,200,210,213.11,210.0,44753.1,Delivered
PO00065,V001,P002,2025-02-10,2025-02-20,2025-02-23,25,22,291.6,320.0,6415.2,Partial
PO00066,V001,P002,2025-06-18,2025-06-29,2025-06-29,20,21,350.4,320.0,7358.4,Delivered
PO00067,V001,P003,2025-09-20,2025-09-25,2025-09-24,20,18,176.26,180.0,3172.68,Partial
PO00068,V001,P002,2025-04-14,2025-04-24,2025-04-25,50,47,323.34,320.0,15196.98,Partial
PO00069,V001,P002,2025-07-22,2025-07-29,2025-07-26,25,22,322.0,320.0,7084.0,Partial
PO00070,V001,P004,2025-04-17,2025-04-27,2025-04-28,200,202,282.97,260.0,57159.94,Delivered
PO00071,V001,P003,2025-07-10,2025-07-17,2025-07-13,20,19,197.31,180.0,3748.89,Delivered
PO00072,V001,P004,2025-04-16,2025-04-28,2025-04-26,100,99,253.44,260.0,25090.56,Delivered
PO00073,V001,P003,2025-03-07,2025-03-19,2025-03-22,20,21,180.92,180.0,3799.32,Delivered
PO00074,V001,P003,2025-05-21,2025-06-01,2025-05-31,500,470,188.6,180.0,88642.0,Partial
PO00075,V001,P003,2025-04-23,2025-05-01,2025-05-02,50,47,171.01,180.0,8037.47,Partial
PO00076,V001,P001,2025-02-05,2025-02-15,2025-02-18,100,98,44.8,45.0,4390.4,Delivered
PO00077,V001,P004,2025-08-27,2025-09-07,2025-09-08,50,47,243.5,260.0,11444.5,Partial
PO00078,V001,P004,2025-03-06,2025-03-18,2025-03-17,500,481,272.62,260.0,131130.22,Delivered
PO00079,V001,P003,2025-06-21,2025-07-03,2025-07-03,25,26,190.48,180.0,4952.48,Delivered
PO00080,V001,P003,2025-04-15,2025-04-23,2025-04-25,25,24,168.44,180.0,4042.56,Delivered
PO00081,V001,P002,2025-03-18,2025-03-26,2025-03-24,20,21,325.25,320.0,6830.25,Delivered
PO00082,V001,P004,2025-01-23,2025-02-03,2025-02-03,50,49,271.24,260.0,13290.76,Delivered
PO00083,V001,P004,2025-02-14,2025-02-25,2025-02-26,200,205,272.73,260.0,55909.65,Delivered
PO00084,V001,P015,2025-08-01,2025-08-12,2025-08-12,25,26,220.9,210.0,5743.4,Delivered
PO00085,V001,P016,2025-02-10,2025-02-18,2025-02-19,25,24,468.43,480.0,11242.32,Delivered
PO00086,V001,P004,2025-07-14,2025-07-24,2025-07-25,500,520,278.91,260.0,145033.2,Delivered
PO00087,V001,P004,2025-07-13,2025-07-20,,10,10,284.83,260.0,2848.3,Delivered
PO00088,V001,P001,2025-08-13,2025-08-19,2025-08-22,20,18,47.77,45.0,859.86,Partial
PO00089,V001,P002,2025-05-28,2025-06-06,2025-06-05,20,21,338.51,320.0,7108.71,Delivered
PO00090,V001,P003,2025-06-15,2025-06-24,2025-06-26,25,25,195.8,180.0,4895.0,Delivered
PO00091,V001,P001,2025-09-27,2025-10-02,2025-09-29,200,198,43.9,45.0,8692.2,Delivered
PO00092,V001,P007,2025-06-03,2025-06-08,2025-06-07,500,475,898.7,780.0,426882.5,Delivered
PO00093,V001,P002,2025-02-01,2025-02-08,2025-02-10,10,9,327.29,320.0,2945.61,Partial
PO00094,V001,P006,2025-01-19,2025-01-28,2025-01-26,20,16,2302.6,2100.0,36841.6,Partial
PO00095,V001,P002,2025-09-20,2025-09-27,2025-09-27,100,98,308.39,320.0,30222.22,Delivered
PO00096,V001,P003,2025-04-01,2025-04-12,2025-04-11,20,19,171.73,180.0,3262.87,Delivered
PO00097,V001,P002,2025-09-03,2025-09-09,2025-09-07,500,525,312.47,320.0,164046.75,Delivered
PO00098,V001,P004,2025-03-22,2025-03-27,2025-03-27,50,47,260.91,260.0,12262.77,Partial
PO00099,V001,P003,2025-05-22,2025-06-01,2025-06-04,500,444,185.71,180.0,82455.24,Partial
PO00100,V001,P001,2025-05-16,2025-05-28,2025-05-28,50,48,52.19,45.0,2505.12,Delivered
PO00101,V001,P001,2025-09-06,2025-09-18,2025-09-19,500,525,46.04,45.0,24171.0,Delivered
PO00102,V001,P002,2025-03-24,2025-04-01,2025-03-31,25,25,291.61,320.0,7290.25,Delivered
PO00103,V001,P004,2025-06-15,2025-06-26,2025-06-25,50,50,275.78,260.0,13789.0,Delivered
PO00104,V001,P003,2025-04-28,2025-05-06,2025-05-03,25,23,185.87,180.0,4275.01,Partial
PO00105,V001,P008,2025-01-09,2025-01-14,2025-01-13,10,10,392.75,410.0,3927.5,Delivered
PO00106,V001,P003,2025-03-08,2025-03-16,2025-03-15,200,210,167.82,180.0,35242.2,Delivered
PO00107,V001,P001,2025-08-23,2025-08-29,2025-08-29,50,50,45.1,45.0,2255.0,Delivered
PO00108,V001,P003,2025-04-23,2025-05-03,2025-05-06,100,102,183.95,180.0,18762.9,Delivered
PO00109,V001,P003,2025-03-12,2025-03-22,2025-03-22,50,50,174.2,180.0,8710.0,Delivered
PO00110,V001,P001,2025-06-09,2025-06-15,2025-06-15,25,23,47.3,45.0,1087.9,Partial
PO00111,V001,P002,2025-03-04,2025-03-12,2025-03-12,50,46,355.38,320.0,16347.48,Partial
PO00112,V001,P004,2025-07-09,2025-07-18,2025-07-22,25,24,253.37,260.0,6080.88,Delivered
PO00113,V001,P004,2025-08-08,2025-08-13,2025-08-12,20,20,241.09,260.0,4821.8,Delivered
PO00114,V001,P001,2025-01-09,2025-01-18,2025-01-18,200,201,45.4,45.0,9125.4,Delivered
PO00115,V001,P009,2025-06-28,2025-07-03,2025-07-02,50,44,42828.79,42000.0,1884466.76,Partial
PO00116,V001,P002,2025-07-16,2025-07-21,2025-07-19,10,9,342.19,320.0,3079.71,Partial
PO00117,V001,P003,2025-06-27,2025-07-03,2025-07-02,200,204,189.97,180.0,38753.88,Delivered
PO00118,V001,P004,2025-03-02,2025-03-11,2025-03-09,10,10,277.84,260.0,2778.4,Delivered
PO00119,V001,P010,2025-05-18,2025-05-26,2025-05-26,50,50,40315.12,38000.0,2015756.0,Delivered
PO00120,V001,P009,2025-09-15,2025-09-26,2025-09-26,100,104,42392.13,42000.0,4408781.52,Delivered
PO00121,V001,P002,2025-04-02,2025-04-10,2025-04-12,25,26,329.21,320.0,8559.46,Delivered
PO00122,V001,P004,2025-05-22,2025-05-29,2025-05-29,20,21,276.07,260.0,5797.47,Delivered
PO00123,V001,P002,2025-09-01,2025-09-13,2025-09-12,20,19,367.96,320.0,6991.24,Delivered
PO00124,V001,P001,2025-01-10,2025-01-16,2025-01-15,25,26,42.48,45.0,1104.48,Delivered
PO00125,V001,P011,2025-01-26,2025-02-03,2025-02-04,100,97,8215.0,8500.0,796855.0,Delivered
PO00126,V001,P001,2025-08-08,2025-08-15,2025-08-13,20,20,44.04,45.0,880.8,Delivered
PO00127,V001,P002,2025-09-26,2025-10-05,2025-10-04,50,48,336.29,320.0,16141.92,Delivered
PO00128,V001,P003,2025-09-23,2025-10-02,2025-10-04,50,47,182.66,180.0,8585.02,Partial
PO00129,V002,P005,2025-06-15,2025-06-27,2025-06-25,100,93,1358.14,1200.0,126307.02,Partial
PO00130,V002,P006,2025-03-09,2025-03-26,2025-03-29,500,493,2199.07,2100.0,1084141.51,Delivered
PO00131,V002,P005,2025-04-09,2025-04-26,2025-04-30,50,49,1209.87,1200.0,59283.63,Delivered
PO00132,V002,P006,2025-01-09,2025-01-23,2025-02-02,10,9,2140.28,2100.0,19262.52,Partial
PO00133,V002,P005,2025-08-16,2025-08-24,2025-08-28,500,499,1125.64,1200.0,561694.36,Delivered
PO00134,V002,P006,2025-06-06,2025-06-19,2025-06-21,500,471,2093.23,2100.0,985911.33,Partial
PO00135,V002,P006,2025-02-25,2025-03-08,2025-03-14,25,23,2124.45,2100.0,48862.35,Partial
PO00136,V002,P006,2025-02-04,2025-02-19,2025-02-21,50,48,2100.95,2100.0,100845.6,Delivered
PO00137,V002,P005,2025-08-14,2025-08-28,2025-09-02,200,189,1270.23,1200.0,240073.47,Partial
PO00138,V002,P009,2025-09-15,2025-09-24,2025-10-02,25,26,41608.25,42000.0,1081814.5,Delivered
PO00139,V002,P005,2025-04-15,2025-05-02,2025-05-06,100,104,1150.21,1200.0,119621.84,Delivered
PO00140,V002,P005,2025-02-26,2025-03-05,2025-03-04,100,95,1194.94,1200.0,113519.3,Delivered
PO00141,V002,P005,2025-03-14,2025-03-31,2025-04-05,500,524,1148.91,1200.0,602028.84,Delivered
PO00142,V002,P008,2025-09-05,2025-09-19,2025-09-19,50,48,451.54,410.0,21673.92,Delivered
PO00143,V002,P007,2025-09-08,2025-09-24,2025-09-28,100,93,755.4,780.0,70252.2,Partial
PO00144,V002,P007,2025-04-24,2025-05-07,2025-05-15,25,26,759.06,780.0,19735.56,Delivered
PO00145,V002,P008,2025-09-26,2025-10-07,2025-10-11,500,463,405.48,410.0,187737.24,Partial
PO00146,V002,P005,2025-01-19,2025-02-03,2025-02-07,50,49,1255.49,1200.0,61519.01,Delivered
PO00147,V002,P007,2025-03-12,2025-03-24,2025-03-27,500,507,741.57,780.0,375975.99,Delivered
PO00148,V002,P014,2025-01-07,2025-01-20,2025-01-25,10,10,317.13,320.0,3171.3,Delivered
PO00149,V002,P008,2025-08-11,2025-08-28,2025-09-03,20,21,452.76,410.0,9507.96,Delivered
PO00150,V002,P011,2025-04-16,2025-04-24,2025-04-28,500,459,8686.15,8500.0,3986942.85,Partial
PO00151,V002,P006,2025-01-28,2025-02-15,2025-02-18,20,20,2106.65,2100.0,42133.0,Delivered
PO00152,V002,P006,2025-08-14,2025-08-25,2025-09-01,25,26,2300.52,2100.0,59813.52,Delivered
PO00153,V002,P007,2025-09-20,2025-10-07,2025-10-11,500,513,816.38,780.0,418802.94,Delivered
PO00154,V002,P007,2025-02-18,2025-03-05,2025-03-05,10,10,741.56,780.0,7415.6,Delivered
PO00155,V002,P008,2025-01-20,2025-01-28,2025-01-28,50,50,414.99,410.0,20749.5,Delivered
PO00156,V002,P014,2025-05-04,2025-05-22,2025-05-20,25,25,301.51,320.0,7537.75,Delivered
PO00157,V003,P003,2025-08-01,2025-08-10,2025-08-10,50,47,188.89,180.0,8877.83,Partial
PO00158,V003,P002,2025-04-05,2025-04-12,2025-04-12,10,10,305.53,320.0,3055.3,Delivered
PO00159,V003,P003,2025-08-20,2025-08-28,2025-08-29,20,20,172.46,180.0,3449.2,Delivered
PO00160,V003,P003,2025-06-08,2025-06-20,2025-06-20,10,10,175.55,180.0,1755.5,Delivered
PO00161,V003,P002,2025-08-26,2025-09-02,2025-09-02,25,26,359.81,320.0,9355.06,Delivered
PO00162,V003,P004,2025-02-19,2025-02-28,2025-02-28,20,19,251.68,260.0,4781.92,Delivered
PO00163,V003,P016,2025-04-13,2025-04-21,2025-04-21,25,25,504.43,480.0,12610.75,Delivered
PO00164,V003,P001,2025-05-19,2025-05-24,2025-05-22,50,52,48.13,45.0,2502.76,Delivered
PO00165,V003,P002,2025-08-09,2025-08-21,2025-08-20,500,499,322.21,320.0,160782.79,Delivered
PO00166,V003,P003,2025-07-26,2025-08-03,2025-08-04,100,102,176.53,180.0,18006.06,Delivered
PO00167,V003,P002,2025-08-09,2025-08-15,2025-08-14,10,9,302.89,320.0,2726.01,Partial
PO00168,V003,P006,2025-06-10,2025-06-20,2025-06-22,10,10,2264.27,2100.0,22642.7,Delivered
PO00169,V003,P004,2025-06-10,2025-06-17,2025-06-17,500,493,273.29,260.0,134731.97,Delivered
PO00170,V003,P012,2025-03-18,2025-03-27,2025-03-27,25,25,624.6,650.0,15615.0,Delivered
PO00171,V003,P012,2025-01-27,2025-02-06,2025-02-06,50,50,628.59,650.0,31429.5,Delivered
PO00172,V003,P004,2025-02-03,2025-02-14,2025-02-13,25,24,270.33,260.0,6487.92,Delivered
PO00173,V003,P016,2025-08-03,2025-08-12,2025-08-15,50,45,455.94,0.0,20517.3,Partial
PO00174,V003,P001,2025-08-12,2025-08-23,2025-08-26,25,23,44.34,45.0,1019.82,Partial
PO00175,V003,P003,2025-01-04,2025-01-09,2025-01-09,25,25,173.32,180.0,4333.0,Delivered
PO00176,V003,P003,2025-04-20,2025-05-02,2025-05-02,200,194,180.36,180.0,34989.84,Delivered
PO00177,V003,P001,2025-05-14,2025-05-19,2025-05-17,10,10,47.55,45.0,475.5,Delivered
PO00178,V003,P003,2025-06-04,2025-06-11,2025-06-12,25,26,169.65,180.0,4410.9,Delivered
PO00179,V003,P002,2025-09-22,2025-10-03,2025-10-02,200,189,308.79,320.0,58361.31,Partial
PO00180,V003,P009,2025-05-05,2025-05-17,2025-05-15,25,23,42425.18,42000.0,975779.14,Partial
PO00181,V003,P001,2025-09-02,2025-09-14,2025-09-13,500,460,46.12,45.0,21215.2,Partial
PO00182,V003,P003,2025-05-12,2025-05-22,2025-05-18,25,24,189.26,180.0,4542.24,Delivered
PO00183,V003,P010,2025-01-07,2025-01-13,2025-01-14,200,198,39567.84,38000.0,7834432.32,Delivered
PO00184,V003,P004,2025-02-21,2025-02-26,2025-02-24,20,19,297.25,260.0,5647.75,Delivered
PO00185,V003,P014,2025-04-05,2025-04-11,2025-04-12,20,20,326.3,320.0,6526.0,Delivered
PO00186,V003,P001,2025-04-19,2025-04-29,2025-04-28,500,503,45.68,45.0,22977.04,Delivered
PO00187,V003,P004,2025-02-20,2025-02-27,2025-02-26,500,459,249.76,260.0,114639.84,Partial
PO00188,V003,P003,2025-09-06,2025-09-13,2025-09-12,500,525,195.42,180.0,102595.5,Delivered
PO00189,V003,P004,2025-03-26,2025-03-31,2025-04-01,10,10,283.27,260.0,2832.7,Delivered
PO00190,V003,P002,2025-04-05,2025-04-11,2025-04-11,50,46,305.41,320.0,14048.86,Partial
PO00191,V003,P007,2025-05-15,2025-05-21,2025-05-18,20,19,840.22,780.0,15964.18,Delivered
PO00192,V003,P004,2025-04-20,2025-04-29,2025-04-28,10,10,257.38,260.0,2573.8,Delivered
PO00193,V003,P015,2025-02-02,2025-02-13,2025-02-14,50,52,224.18,210.0,11657.36,Delivered
PO00194,V003,P004,2025-04-23,2025-04-29,2025-04-28,20,20,273.96,260.0,5479.2,Delivered
PO00195,V004,P014,2025-05-03,2025-05-10,2025-05-12,100,97,333.06,320.0,32306.82,Delivered
PO00196,V004,P014,2025-03-10,2025-03-14,2025-03-12,10,10,319.44,320.0,3194.4,Delivered
PO00197,V004,P013,2025-03-28,2025-04-04,2025-04-06,20,19,885.82,850.0,16830.58,Delivered
PO00198,V004,P015,2025-09-14,2025-09-21,2025-09-20,10,10,224.97,210.0,2249.7,Delivered
PO00199,V004,P014,2025-06-11,2025-06-16,2025-06-17,50,52,324.99,320.0,16899.48,Delivered
PO00200,V004,P014,2025-09-03,2025-09-10,2025-09-10,200,208,345.83,320.0,71932.64,Delivered
PO00201,V004,P014,2025-08-24,2025-09-01,2025-09-01,100,99,322.74,320.0,31951.26,Delivered
PO00202,V004,P013,2025-01-11,2025-01-21,2025-01-21,500,474,847.67,850.0,401795.58,Partial
PO00203,V004,P006,2025-04-14,2025-04-22,2025-04-22,25,26,2058.21,2100.0,53513.46,Delivered
PO00204,V004,P014,2025-08-04,2025-08-13,2025-08-11,20,19,326.96,320.0,6212.24,Delivered
PO00205,V004,P015,2025-02-28,2025-03-04,2025-03-07,100,94,218.99,210.0,20585.06,Partial
PO00206,V004,P014,2025-09-08,2025-09-16,2025-09-19,500,457,341.25,320.0,155951.25,Partial
PO00207,V004,P015,2025-09-23,2025-10-02,2025-10-02,25,22,216.41,210.0,4761.02,Partial
PO00208,V004,P014,2025-08-12,2025-08-16,2025-08-16,200,176,341.01,320.0,60017.76,Partial
PO00209,V004,P010,2025-06-21,2025-06-28,2025-06-27,50,45,39372.73,38000.0,1771772.85,Partial
PO00210,V004,P016,2025-03-11,2025-03-21,2025-03-21,100,105,488.65,480.0,51308.25,Delivered
PO00211,V004,P014,2025-03-03,2025-03-13,2025-03-12,10,10,312.71,320.0,3127.1,Delivered
PO00212,V004,P015,2025-03-22,2025-03-29,2025-03-31,50,52,222.78,210.0,11584.56,Delivered
PO00213,V004,P016,2025-04-14,2025-04-20,2025-04-21,10,10,470.76,480.0,4707.6,Delivered
PO00214,V004,P014,2025-03-10,2025-03-18,2025-03-18,25,19,333.11,320.0,6329.09,Partial
PO00215,V004,P016,2025-02-02,2025-02-06,2025-02-07,25,22,503.74,480.0,11082.28,Partial
PO00216,V004,P016,2025-04-07,2025-04-13,2025-04-13,10,10,524.57,480.0,5245.7,Delivered
PO00217,V004,P013,2025-06-16,2025-06-23,2025-06-24,200,205,910.52,850.0,186656.6,Delivered
PO00218,V004,P013,2025-05-08,2025-05-15,2025-05-17,10,10,843.57,850.0,8435.7,Delivered
PO00219,V004,P016,2025-09-14,2025-09-22,2025-09-23,100,95,423.03,480.0,40187.85,Delivered
PO00220,V004,P013,2025-04-13,2025-04-17,2025-04-18,10,10,829.34,850.0,8293.4,Delivered
PO00221,V004,P015,2025-03-11,2025-03-21,2025-03-22,25,24,227.02,210.0,5448.48,Delivered
PO00222,V004,P014,2025-08-03,2025-08-10,2025-08-11,50,49,311.05,320.0,15241.45,Delivered
PO00223,V004,P016,2025-02-17,2025-02-22,2025-02-23,500,433,476.93,480.0,206510.69,Partial
PO00224,V004,P013,2025-09-06,2025-09-16,2025-09-15,25,23,874.24,850.0,20107.52,Partial
PO00225,V004,P012,2025-04-24,2025-04-28,2025-04-29,25,23,643.43,650.0,14798.89,Partial
PO00226,V004,P015,2025-07-07,2025-07-12,2025-07-11,50,46,217.37,210.0,9999.02,Partial
PO00227,V004,P005,2025-08-15,2025-08-24,2025-08-25,200,205,1078.55,1200.0,221102.75,Delivered
PO00228,V004,P003,2025-01-21,2025-01-26,2025-01-27,10,9,181.07,180.0,1629.63,Partial
PO00229,V004,P014,2025-02-16,2025-02-24,2025-02-25,25,23,327.68,320.0,7536.64,Partial
PO00230,V004,P013,2025-02-17,2025-02-21,2025-02-21,25,24,853.6,850.0,20486.4,Delivered
PO00231,V004,P014,2025-05-27,2025-06-03,2025-06-04,100,99,333.26,320.0,32992.74,Delivered
PO00232,V004,P013,2025-05-26,2025-06-05,2025-06-05,200,210,851.4,850.0,178794.0,Delivered
PO00233,V004,P015,2025-02-07,2025-02-11,2025-02-11,10,10,231.34,210.0,2313.4,Delivered
PO00234,V004,P012,2025-01-26,2025-02-03,2025-02-04,20,19,640.6,650.0,12171.4,Delivered
PO00235,V004,P016,2025-02-02,2025-02-10,2025-02-10,100,98,497.22,480.0,48727.56,Delivered
PO00236,V004,P016,2025-09-06,2025-09-13,2025-09-12,200,210,471.94,480.0,99107.4,Delivered
PO00237,V004,P016,2025-04-20,2025-04-26,2025-04-24,100,104,492.32,480.0,51201.28,Delivered
PO00238,V004,P014,2025-05-22,2025-05-28,2025-05-29,100,97,315.71,320.0,30623.87,Delivered
PO00239,V004,P013,2025-05-22,2025-05-31,2025-05-29,200,205,883.15,850.0,181045.75,Delivered
PO00240,V004,P015,2025-02-13,2025-02-21,2025-02-20,200,190,211.34,210.0,40154.6,Delivered
PO00241,V004,P014,2025-09-26,2025-10-05,2025-10-03,50,49,359.4,320.0,17610.6,Delivered
PO00242,V004,P014,2025-09-17,2025-09-22,2025-09-23,25,24,349.0,320.0,8376.0,Delivered
PO00243,V004,P013,2025-03-25,2025-03-30,2025-03-30,25,25,816.47,850.0,20411.75,Delivered
PO00244,V004,P007,2025-05-28,2025-06-06,2025-06-06,500,512,785.19,780.0,402017.28,Delivered
PO00245,V004,P013,2025-03-20,2025-03-25,2025-03-26,500,506,845.82,850.0,427984.92,Delivered
PO00246,V004,P012,2025-08-23,2025-08-27,2025-08-29,25,25,635.7,650.0,15892.5,Delivered
PO00247,V004,P016,2025-08-22,2025-09-01,2025-09-01,500,455,467.91,480.0,212899.05,Partial
PO00248,V004,P014,2025-06-15,2025-06-25,2025-06-26,500,460,345.4,320.0,158884.0,Partial
PO00249,V004,P013,2025-09-07,2025-09-14,2025-09-16,500,432,925.47,850.0,399803.04,Partial
PO00250,V004,P014,2025-02-13,2025-02-23,2025-02-25,500,475,328.41,320.0,155994.75,Delivered
PO00251,V004,P014,2025-09-20,2025-09-29,2025-10-01,500,502,336.56,320.0,168953.12,Delivered
PO00252,V004,P014,2025-06-12,2025-06-18,2025-06-16,500,447,322.54,320.0,144175.38,Partial
PO00253,V004,P015,2025-02-06,2025-02-16,2025-02-15,10,10,227.93,210.0,2279.3,Delivered
PO00254,V004,P013,2025-04-08,2025-04-15,2025-04-17,50,52,866.3,850.0,45047.6,Delivered
PO00255,V004,P014,2025-06-17,2025-06-23,2025-06-23,10,9,302.85,320.0,2725.65,Partial
PO00256,V004,P012,2025-08-11,2025-08-16,2025-08-16,25,24,680.17,0.0,16324.08,Delivered
PO00257,V004,P016,2025-08-27,2025-09-03,2025-09-03,10,10,471.99,480.0,4719.9,Delivered
PO00258,V004,P014,2025-01-03,2025-01-11,2025-01-09,100,97,345.02,320.0,33466.94,Delivered
PO00259,V004,P015,2025-03-17,2025-03-23,2025-03-25,10,10,231.13,210.0,2311.3,Delivered
PO00260,V004,P013,2025-02-08,2025-02-12,2025-02-15,500,485,898.54,850.0,435791.9,Delivered
PO00261,V004,P016,2025-09-16,2025-09-25,2025-09-25,25,26,511.36,480.0,13295.36,Delivered
PO00262,V004,P016,2025-02-14,2025-02-22,2025-02-22,20,17,494.55,480.0,8407.35,Partial
PO00263,V004,P016,2025-02-22,2025-02-26,2025-02-24,100,96,491.58,480.0,47191.68,Delivered
PO00264,V004,P002,2025-08-17,2025-08-24,2025-08-24,10,10,314.37,320.0,3143.7,Delivered
PO00265,V004,P013,2025-01-21,2025-01-30,2025-01-28,25,22,836.89,850.0,18411.58,Partial
PO00266,V004,P015,2025-09-26,2025-10-06,2025-10-04,200,208,197.57,210.0,41094.56,Delivered
PO00267,V004,P015,2025-06-25,2025-07-03,2025-07-02,500,469,215.72,210.0,101172.68,Partial
PO00268,V004,P016,2025-04-21,2025-04-30,2025-04-30,500,460,497.83,480.0,229001.8,Partial
PO00269,V004,P015,2025-07-05,2025-07-11,2025-07-11,10,10,219.58,210.0,2195.8,Delivered
PO00270,V004,P016,2025-04-26,2025-05-02,2025-04-30,50,49,517.37,480.0,25351.13,Delivered
PO00271,V004,P013,2025-01-27,2025-02-06,2025-02-07,20,21,923.59,850.0,19395.39,Delivered
PO00272,V004,P016,2025-09-10,2025-09-16,2025-09-13,500,471,492.4,480.0,231920.4,Partial
PO00273,V004,P016,2025-04-12,2025-04-19,2025-04-17,20,21,485.41,480.0,10193.61,Delivered
PO00274,V004,P014,2025-04-16,2025-04-26,2025-04-28,200,188,321.03,320.0,60353.64,Partial
PO00275,V004,P016,2025-04-14,2025-04-22,2025-04-21,25,22,445.94,480.0,9810.68,Partial
PO00276,V004,P015,2025-05-04,2025-05-11,2025-05-09,200,191,226.5,210.0,43261.5,Delivered
PO00277,V004,P015,2025-04-14,2025-04-21,2025-04-18,200,210,216.59,210.0,45483.9,Delivered
PO00278,V004,P003,2025-05-28,2025-06-03,2025-06-01,500,493,179.12,180.0,88306.16,Delivered
PO00279,V004,P015,2025-01-02,2025-01-10,2025-01-09,200,174,202.67,210.0,35264.58,Partial
PO00280,V004,P014,2025-09-06,2025-09-10,2025-09-08,10,10,320.72,320.0,3207.2,Delivered
PO00281,V004,P011,2025-01-08,2025-01-15,2025-01-14,10,9,8218.05,8500.0,73962.45,Partial
PO00282,V004,P014,2025-09-20,2025-09-26,2025-09-24,500,497,312.56,320.0,155342.32,Delivered
PO00283,V004,P016,2025-04-03,2025-04-10,2025-04-09,200,185,504.75,480.0,93378.75,Partial
PO00284,V004,P015,2025-03-09,2025-03-18,2025-03-17,50,45,225.34,210.0,10140.3,Partial
PO00285,V004,P015,2025-01-17,2025-01-23,2025-01-25,200,189,231.68,210.0,43787.52,Partial
PO00286,V004,P016,2025-01-15,2025-01-24,2025-01-24,20,19,439.25,480.0,8345.75,Delivered
PO00287,V004,P013,2025-03-04,2025-03-09,2025-03-09,50,49,828.35,850.0,40589.15,Delivered
PO00288,V004,P014,2025-03-03,2025-03-12,2025-03-15,100,91,352.66,320.0,32092.06,Partial
PO00289,V004,P014,2025-05-18,2025-05-27,2025-05-27,200,194,323.24,320.0,62708.56,Delivered
PO00290,V004,P014,2025-08-21,2025-08-25,2025-08-25,500,520,344.54,320.0,179160.8,Delivered
PO00291,V004,P016,2025-05-05,2025-05-11,2025-05-12,100,98,510.85,480.0,50063.3,Delivered
PO00292,V004,P015,2025-06-12,2025-06-20,2025-06-19,10,9,225.54,210.0,2029.86,Partial
PO00293,V004,P014,2025-09-10,2025-09-20,2025-09-19,500,472,324.42,320.0,153126.24,Partial
PO00294,V004,P015,2025-01-19,2025-01-26,2025-01-28,200,204,216.19,210.0,44102.76,Delivered
PO00295,V004,P013,2025-08-17,2025-08-27,2025-08-26,50,52,932.43,850.0,48486.36,Delivered
PO00296,V004,P009,2025-01-17,2025-01-25,2025-01-26,25,23,40472.41,42000.0,930865.43,Partial
PO00297,V004,P016,2025-06-06,2025-06-14,2025-06-13,500,476,451.38,480.0,214856.88,Delivered
PO00298,V004,P014,2025-01-03,2025-01-08,2025-01-09,25,23,315.24,320.0,7250.52,Partial
PO00299,V004,P014,2025-09-20,2025-09-28,2025-09-27,20,20,350.1,320.0,7002.0,Delivered
PO00300,V004,P013,2025-08-06,2025-08-16,2025-08-15,10,10,830.9,850.0,8309.0,Delivered
PO00301,V004,P001,2025-06-27,2025-07-06,2025-07-07,25,23,43.73,45.0,1005.79,Partial
PO00302,V004,P016,2025-02-21,2025-03-01,2025-03-02,10,9,484.47,480.0,4360.23,Partial
PO00303,V004,P012,2025-01-16,2025-01-25,2025-01-26,50,51,659.35,650.0,33626.85,Delivered
PO00304,V004,P013,2025-06-08,2025-06-15,2025-06-15,200,198,859.79,850.0,170238.42,Delivered
PO00305,V004,P014,2025-03-02,2025-03-09,2025-03-09,25,25,319.39,320.0,7984.75,Delivered
PO00306,V004,P014,2025-05-20,2025-05-27,2025-05-27,500,465,324.4,320.0,150846.0,Partial
PO00307,V004,P014,2025-07-12,2025-07-17,2025-07-15,10,10,329.92,320.0,3299.2,Delivered
PO00308,V004,P013,2025-04-09,2025-04-13,2025-04-13,50,50,840.58,850.0,42029.0,Delivered
PO00309,V004,P015,2025-06-28,2025-07-08,2025-07-08,100,100,221.27,210.0,22127.0,Delivered
PO00310,V004,P015,2025-09-24,2025-10-02,2025-10-01,50,51,208.03,210.0,10609.53,Delivered
PO00311,V004,P014,2025-09-10,2025-09-18,2025-09-19,20,20,342.43,320.0,6848.6,Delivered
PO00312,V004,P015,2025-01-07,2025-01-13,2025-01-11,100,91,229.74,210.0,20906.34,Partial
PO00313,V004,P013,2025-01-27,2025-02-04,2025-02-04,500,517,895.01,850.0,462720.17,Delivered
PO00314,V004,P013,2025-08-04,2025-08-14,2025-08-14,25,26,826.69,850.0,21493.94,Delivered
PO00315,V005,P004,2025-03-02,2025-03-10,2025-03-11,25,24,273.95,260.0,6574.8,Delivered
PO00316,V005,P002,2025-01-03,2025-01-12,2025-01-11,200,205,317.22,320.0,65030.1,Delivered
PO00317,V005,P002,2025-06-20,2025-07-01,2025-07-01,100,99,329.04,320.0,32574.96,Delivered
PO00318,V005,P015,2025-08-12,2025-08-23,2025-08-22,10,10,216.76,210.0,2167.6,Delivered
PO00319,V005,P002,2025-09-02,2025-09-14,2025-09-15,20,21,360.42,320.0,7568.82,Delivered
PO00320,V005,P008,2025-07-20,2025-07-30,2025-07-31,20,20,458.82,410.0,9176.4,Delivered
PO00321,V005,P003,2025-02-13,2025-02-23,2025-02-23,100,98,173.8,180.0,17032.4,Delivered
PO00322,V005,P003,2025-03-16,2025-03-28,2025-03-28,25,25,188.86,180.0,4721.5,Delivered
PO00323,V005,P001,2025-09-11,2025-09-20,2025-09-22,500,447,40.92,45.0,18291.24,Partial
PO00324,V005,P003,2025-01-23,2025-02-04,2025-02-04,500,496,181.2,180.0,89875.2,Delivered
PO00325,V005,P003,2025-04-25,2025-04-30,2025-04-30,20,19,184.03,180.0,3496.57,Delivered
PO00326,V005,P001,2025-05-17,2025-05-28,2025-05-29,20,21,42.26,45.0,887.46,Delivered
PO00327,V005,P002,2025-03-02,2025-03-10,2025-03-10,25,24,333.21,320.0,7997.04,Delivered
PO00328,V005,P001,2025-04-14,2025-04-25,2025-04-27,50,52,47.0,45.0,2444.0,Delivered
PO00329,V005,P016,2025-02-28,2025-03-07,2025-03-05,100,101,472.9,480.0,47762.9,Delivered
PO00330,V005,P015,2025-01-11,2025-01-22,2025-01-18,50,52,221.7,210.0,11528.4,Delivered
PO00331,V005,P003,2025-06-18,2025-06-27,2025-06-29,20,19,166.8,180.0,3169.2,Delivered
PO00332,V005,P001,2025-05-08,2025-05-16,2025-05-15,200,205,47.68,45.0,9774.4,Delivered
PO00333,V005,P001,2025-09-07,2025-09-17,2025-09-20,100,101,42.43,45.0,4285.43,Delivered
PO00334,V005,P004,2025-07-26,2025-08-01,2025-08-02,100,97,299.44,260.0,29045.68,Delivered
PO00335,V005,P006,2025-08-13,2025-08-23,2025-08-24,25,25,2103.55,2100.0,52588.75,Delivered
PO00336,V005,P001,2025-04-02,2025-04-12,2025-04-11,25,26,47.5,45.0,1235.0,Delivered
PO00337,V005,P004,2025-08-24,2025-09-02,2025-09-02,25,24,242.08,260.0,5809.92,Delivered
PO00338,V005,P004,2025-02-05,2025-02-13,2025-02-12,200,198,264.14,260.0,52299.72,Delivered
PO00339,V005,P004,2025-04-17,2025-04-22,2025-04-20,25,23,255.69,260.0,5880.87,Partial
PO00340,V005,P004,2025-01-23,2025-01-28,2025-01-30,50,51,255.46,260.0,13028.46,Delivered
PO00341,V005,P013,2025-08-21,2025-09-02,2025-09-02,500,451,817.2,850.0,368557.2,Partial
PO00342,V005,P001,2025-07-10,2025-07-16,2025-07-17,20,21,41.85,45.0,878.85,Delivered
PO00343,V005,P003,2025-09-18,2025-09-25,2025-09-25,10,9,187.88,180.0,1690.92,Partial
PO00344,V005,P002,2025-05-27,2025-06-03,2025-05-31,10,10,331.68,320.0,3316.8,Delivered
PO00345,V005,P001,2025-09-01,2025-09-07,2025-09-07,50,48,45.28,45.0,2173.44,Delivered
PO00346,V005,P003,2025-01-21,2025-01-28,2025-01-29,50,51,182.99,180.0,9332.49,Delivered
PO00347,V005,P002,2025-07-09,2025-07-19,2025-07-20,50,52,296.31,320.0,15408.12,Delivered
PO00348,V005,P003,2025-04-21,2025-04-26,2025-04-26,500,504,153.12,180.0,77172.48,Delivered
PO00349,V005,P002,2025-02-10,2025-02-17,2025-02-20,50,42,331.3,320.0,13914.6,Partial
PO00350,V005,P001,2025-03-27,2025-04-02,2025-04-03,10,9,48.94,45.0,440.46,Partial
PO00351,V005,P013,2025-05-06,2025-05-16,2025-05-19,25,25,914.24,850.0,22856.0,Delivered
PO00352,V005,P002,2025-03-13,2025-03-23,2025-03-24,200,194,316.16,320.0,61335.04,Delivered
PO00353,V005,P003,2025-04-19,2025-04-27,2025-04-24,10,9,178.78,180.0,1609.02,Partial
PO00354,V005,P001,2025-01-15,2025-01-24,2025-01-23,200,200,48.68,45.0,9736.0,Delivered
PO00355,V005,P003,2025-08-10,2025-08-18,2025-08-17,20,19,180.95,180.0,3438.05,Delivered
PO00356,V005,P003,2025-09-15,2025-09-25,2025-09-26,100,98,168.58,180.0,16520.84,Delivered
PO00357,V005,P014,2025-05-16,2025-05-24,2025-05-27,500,465,339.22,320.0,157737.3,Partial
PO00358,V005,P002,2025-05-26,2025-06-05,2025-06-05,10,10,333.37,320.0,3333.7,Delivered
PO00359,V005,P007,2025-01-02,2025-01-10,2025-01-11,20,20,734.18,780.0,14683.6,Delivered
PO00360,V005,P004,2025-08-06,2025-08-18,2025-08-21,20,18,245.23,260.0,4414.14,Partial
PO00361,V005,P002,2025-02-23,2025-03-07,2025-03-09,50,47,335.96,320.0,15790.12,Partial
PO00362,V005,P002,2025-06-05,2025-06-10,2025-06-11,200,197,324.13,320.0,63853.61,Delivered
PO00363,V005,P003,2025-02-26,2025-03-09,2025-03-07,200,196,188.68,180.0,36981.28,Delivered
PO00364,V005,P002,2025-01-07,2025-01-18,2025-01-19,10,10,323.61,320.0,3236.1,Delivered
PO00365,V005,P006,2025-08-18,2025-08-30,2025-08-27,50,50,2039.82,2100.0,101991.0,Delivered
PO00366,V005,P005,2025-05-06,2025-05-16,2025-05-17,500,467,1143.03,1200.0,533795.01,Partial
PO00367,V005,P003,2025-04-13,2025-04-20,2025-04-20,10,10,168.14,180.0,1681.4,Delivered
PO00368,V005,P012,2025-06-06,2025-06-13,2025-06-13,500,409,654.24,650.0,267584.16,Partial
PO00369,V005,P016,2025-08-01,2025-08-13,2025-08-13,100,98,507.29,480.0,49714.42,Delivered
PO00370,V005,P003,2025-08-14,2025-08-22,2025-08-22,20,20,174.56,180.0,3491.2,Delivered
PO00371,V005,P002,2025-06-09,2025-06-14,2025-06-13,50,52,309.04,320.0,16070.08,Delivered
PO00372,V005,P003,2025-03-20,2025-03-28,,10,9,194.8,180.0,1753.2,Partial
PO00373,V005,P004,2025-09-20,2025-09-25,2025-09-25,10,10,246.99,260.0,2469.9,Delivered
PO00374,V005,P001,2025-08-13,2025-08-21,2025-08-24,20,18,47.81,45.0,860.58,Partial
PO00375,V005,P011,2025-02-17,2025-02-27,2025-02-28,500,525,7793.94,8500.0,4091818.5,Delivered
PO00376,V005,P001,2025-08-22,2025-08-31,2025-08-31,100,101,44.59,45.0,4503.59,Delivered
PO00377,V005,P004,2025-05-08,2025-05-13,2025-05-14,200,210,270.15,260.0,56731.5,Delivered
PO00378,V005,P004,2025-02-06,2025-02-18,2025-02-18,200,207,258.47,260.0,53503.29,Delivered
PO00379,V005,P002,2025-05-22,2025-06-01,2025-05-31,50,50,321.03,320.0,16051.5,Delivered
PO00380,V005,P003,2025-02-05,2025-02-17,2025-02-19,25,26,176.35,180.0,4585.1,Delivered
PO00381,V005,P003,2025-09-28,2025-10-03,2025-10-01,50,52,207.19,180.0,10773.88,Delivered
PO00382,V005,P004,2025-03-18,2025-03-26,2025-03-28,25,26,278.16,260.0,7232.16,Delivered
PO00383,V005,P004,2025-04-21,2025-05-01,2025-04-30,200,209,260.16,260.0,54373.44,Delivered
PO00384,V005,P002,2025-08-27,2025-09-07,2025-09-06,100,98,376.35,320.0,36882.3,Delivered
PO00385,V005,P013,2025-04-02,2025-04-10,2025-04-06,500,467,900.43,850.0,420500.81,Partial
PO00386,V005,P002,2025-07-11,2025-07-19,2025-07-18,10,8,324.9,320.0,2599.2,Partial
PO00387,V005,P006,2025-07-24,2025-08-01,2025-08-02,200,205,2288.64,2100.0,469171.2,Delivered
PO00388,V005,P002,2025-05-07,2025-05-17,2025-05-18,50,46,336.39,320.0,15473.94,Partial
PO00389,V005,P002,2025-04-15,2025-04-24,2025-04-25,100,99,331.15,320.0,32783.85,Delivered
PO00390,V005,P001,2025-05-16,2025-05-26,2025-05-26,25,26,46.6,45.0,1211.6,Delivered
PO00391,V005,P003,2025-07-14,2025-07-21,2025-07-22,100,94,174.71,180.0,16422.74,Partial
PO00392,V005,P001,2025-03-19,2025-03-28,2025-03-29,25,25,43.63,45.0,1090.75,Delivered
PO00393,V005,P003,2025-07-08,2025-07-20,2025-07-22,200,202,175.43,180.0,35436.86,Delivered
PO00394,V005,P001,2025-08-11,2025-08-23,2025-08-26,200,202,48.22,45.0,9740.44,Delivered
PO00395,V005,P003,2025-07-26,2025-08-07,2025-08-06,200,184,176.24,180.0,32428.16,Partial
PO00396,V005,P003,2025-05-02,2025-05-07,2025-05-08,50,51,189.91,180.0,9685.41,Delivered
PO00397,V005,P002,2025-04-05,2025-04-11,2025-04-11,10,9,317.79,320.0,2860.11,Partial
PO00398,V005,P002,2025-09-07,2025-09-12,2025-09-15,200,187,345.03,320.0,64520.61,Partial
PO00399,V005,P002,2025-01-20,2025-01-25,2025-01-25,100,100,325.77,320.0,32577.0,Delivered
PO00400,V005,P002,2025-03-14,2025-03-23,2025-03-23,10,10,349.3,320.0,3493.0,Delivered
PO00401,V005,P016,2025-03-17,2025-03-24,2025-03-26,100,93,481.17,480.0,44748.81,Partial
PO00402,V006,P001,2025-02-05,2025-02-14,2025-02-12,25,22,49.35,45.0,1085.7,Partial
PO00403,V006,P002,2025-06-26,2025-07-07,2025-07-08,20,20,344.3,320.0,6886.0,Delivered
PO00404,V006,P004,2025-01-23,2025-01-28,2025-01-29,50,48,285.97,260.0,13726.56,Delivered
PO00405,V006,P004,2025-01-13,2025-01-18,2025-01-18,10,10,290.71,260.0,2907.1,Delivered
PO00406,V006,P009,2025-03-16,2025-03-22,2025-03-24,20,21,45657.1,42000.0,958799.1,Delivered
PO00407,V006,P007,2025-08-07,2025-08-19,2025-08-19,10,10,779.25,780.0,7792.5,Delivered
PO00408,V006,P006,2025-01-22,2025-01-27,2025-01-28,10,9,2221.37,2100.0,19992.33,Partial
PO00409,V006,P002,2025-05-07,2025-05-13,2025-05-13,100,93,319.29,320.0,29693.97,Partial
PO00410,V006,P004,2025-04-08,2025-04-18,2025-04-19,20,17,240.04,260.0,4080.68,Partial
PO00411,V006,P016,2025-08-26,2025-09-05,2025-09-04,50,47,448.75,480.0,21091.25,Partial
PO00412,V006,P011,2025-03-08,2025-03-19,2025-03-18,10,10,9117.06,8500.0,91170.6,Delivered
PO00413,V006,P001,2025-08-21,2025-09-02,2025-08-31,100,94,45.73,45.0,4298.62,Partial
PO00414,V006,P003,2025-03-13,2025-03-24,2025-03-24,25,23,192.67,180.0,4431.41,Partial
PO00415,V006,P004,2025-03-26,2025-04-01,2025-03-30,50,47,253.97,260.0,11936.59,Partial
PO00416,V006,P005,2025-05-23,2025-06-03,2025-06-03,10,10,1158.48,1200.0,11584.8,Delivered
PO00417,V006,P002,2025-04-03,2025-04-15,2025-04-17,10,9,322.03,320.0,2898.27,Partial
PO00418,V006,P004,2025-07-05,2025-07-17,2025-07-20,100,105,239.66,260.0,25164.3,Delivered
PO00419,V006,P001,2025-04-14,2025-04-24,2025-04-25,100,99,43.92,45.0,4348.08,Delivered
PO00420,V006,P010,2025-05-20,2025-05-25,2025-05-25,50,46,38342.47,38000.0,1763753.62,Partial
PO00421,V006,P004,2025-08-25,2025-09-02,2025-08-30,20,21,266.96,260.0,5606.16,Delivered
PO00422,V006,P004,2025-07-22,2025-07-31,,50,52,273.32,260.0,14212.64,Delivered
PO00423,V006,P004,2025-07-05,2025-07-14,2025-07-14,50,51,255.91,260.0,13051.41,Delivered
PO00424,V006,P001,2025-01-26,2025-02-03,2025-02-04,50,52,45.84,45.0,2383.68,Delivered
PO00425,V006,P002,2025-01-20,2025-01-26,2025-01-24,10,10,325.68,320.0,3256.8,Delivered
PO00426,V006,P003,2025-09-13,2025-09-24,2025-09-24,50,52,170.99,180.0,8891.48,Delivered
PO00427,V006,P003,2025-06-11,2025-06-18,2025-06-15,100,103,184.87,180.0,19041.61,Delivered
PO00428,V006,P002,2025-05-23,2025-05-30,2025-05-28,25,26,329.85,320.0,8576.1,Delivered
PO00429,V006,P003,2025-08-24,2025-09-01,2025-09-01,25,25,169.62,180.0,4240.5,Delivered
PO00430,V006,P015,2025-03-27,2025-04-02,2025-04-02,100,99,204.82,210.0,20277.18,Delivered
PO00431,V006,P001,2025-09-18,2025-09-23,2025-09-23,200,188,49.35,45.0,9277.8,Partial
PO00432,V006,P004,2025-01-07,2025-01-13,2025-01-13,200,191,249.54,260.0,47662.14,Delivered
PO00433,V006,P001,2025-05-16,2025-05-24,2025-05-23,20,19,47.86,45.0,909.34,Delivered
PO00434,V006,P003,2025-03-23,2025-03-29,2025-03-30,50,52,192.2,180.0,9994.4,Delivered
PO00435,V006,P003,2025-03-19,2025-03-30,2025-03-28,500,487,173.81,180.0,84645.47,Delivered
PO00436,V006,P004,2025-03-12,2025-03-18,2025-03-16,200,193,254.81,260.0,49178.33,Delivered
PO00437,V006,P001,2025-02-22,2025-02-27,2025-02-24,200,199,44.45,45.0,8845.55,Delivered
PO00438,V006,P001,2025-03-21,2025-04-01,2025-04-02,10,10,47.53,45.0,475.3,Delivered
PO00439,V006,P001,2025-01-09,2025-01-17,2025-01-18,50,51,45.01,45.0,2295.51,Delivered
PO00440,V006,P016,2025-03-15,2025-03-22,2025-03-22,50,52,500.24,480.0,26012.48,Delivered
PO00441,V006,P001,2025-03-04,2025-03-10,2025-03-09,20,21,46.83,45.0,983.43,Delivered
PO00442,V006,P004,2025-04-12,2025-04-20,2025-04-22,25,23,288.89,260.0,6644.47,Partial
PO00443,V006,P003,2025-06-16,2025-06-26,2025-06-28,10,9,184.2,180.0,1657.8,Partial
PO00444,V006,P003,2025-05-26,2025-06-05,2025-06-06,200,202,198.55,180.0,40107.1,Delivered
PO00445,V006,P002,2025-01-26,2025-02-02,2025-02-02,25,22,314.7,320.0,6923.4,Partial
PO00446,V006,P003,2025-09-18,2025-09-26,2025-09-26,200,193,187.59,180.0,36204.87,Delivered
PO00447,V006,P001,2025-05-06,2025-05-17,2025-05-18,100,89,47.42,45.0,4220.38,Partial
PO00448,V006,P004,2025-04-07,2025-04-18,2025-04-18,20,20,270.12,260.0,5402.4,Delivered
PO00449,V006,P001,2025-03-07,2025-03-13,2025-03-12,20,18,45.95,45.0,827.1,Partial
PO00450,V006,P004,2025-06-12,2025-06-18,2025-06-18,500,525,268.08,260.0,140742.0,Delivered
PO00451,V006,P003,2025-03-16,2025-03-27,2025-03-26,100,100,184.33,180.0,18433.0,Delivered
PO00452,V006,P003,2025-03-04,2025-03-11,2025-03-10,200,180,180.98,180.0,32576.4,Partial
PO00453,V006,P004,2025-08-26,2025-09-01,2025-09-02,25,24,255.91,260.0,6141.84,Delivered
PO00454,V006,P003,2025-04-04,2025-04-11,,20,19,185.63,180.0,3526.97,Delivered
PO00455,V006,P001,2025-02-17,2025-02-24,2025-02-24,50,48,47.11,45.0,2261.28,Delivered
PO00456,V006,P002,2025-02-06,2025-02-13,2025-02-13,50,50,335.2,320.0,16760.0,Delivered
PO00457,V006,P001,2025-01-10,2025-01-22,2025-01-19,500,525,44.47,45.0,23346.75,Delivered
PO00458,V006,P009,2025-05-12,2025-05-19,2025-05-20,100,96,42090.85,42000.0,4040721.6,Delivered
PO00459,V006,P001,2025-09-17,2025-09-29,,500,482,43.31,45.0,20875.42,Delivered
PO00460,V006,P002,2025-01-15,2025-01-20,2025-01-21,25,25,316.8,320.0,7920.0,Delivered
PO00461,V006,P004,2025-02-02,2025-02-11,2025-02-10,100,81,268.51,260.0,21749.31,Partial
PO00462,V006,P014,2025-03-24,2025-03-30,2025-03-29,25,24,326.73,320.0,7841.52,Delivered
PO00463,V006,P003,2025-08-25,2025-08-30,2025-08-31,50,47,182.43,180.0,8574.21,Partial
PO00464,V006,P004,2025-09-18,2025-09-24,2025-09-24,500,449,276.32,260.0,124067.68,Partial
PO00465,V006,P002,2025-04-08,2025-04-20,2025-04-18,500,469,333.5,320.0,156411.5,Partial
PO00466,V006,P003,2025-05-27,2025-06-04,2025-06-04,100,92,174.34,180.0,16039.28,Partial
PO00467,V006,P001,2025-04-23,2025-05-04,2025-05-03,20,21,45.46,45.0,954.66,Delivered
PO00468,V006,P002,2025-02-26,2025-03-03,2025-03-01,100,93,352.89,320.0,32818.77,Partial
PO00469,V006,P003,2025-03-09,2025-03-19,2025-03-19,25,25,182.18,180.0,4554.5,Delivered
PO00470,V006,P002,2025-09-19,2025-09-25,2025-09-26,10,9,337.15,320.0,3034.35,Partial
PO00471,V006,P003,2025-04-09,2025-04-16,2025-04-15,200,182,179.38,180.0,32647.16,Partial
PO00472,V006,P002,2025-01-11,2025-01-23,2025-01-26,200,194,312.67,320.0,60657.98,Delivered
PO00473,V006,P003,2025-05-09,2025-05-21,2025-05-22,500,485,189.08,180.0,91703.8,Delivered
PO00474,V006,P001,2025-03-25,2025-04-03,2025-04-03,50,49,45.52,45.0,2230.48,Delivered
PO00475,V006,P004,2025-08-16,2025-08-22,2025-08-23,200,180,252.91,260.0,45523.8,Partial
PO00476,V006,P001,2025-08-22,2025-09-02,2025-09-03,500,500,47.65,45.0,23825.0,Delivered
PO00477,V006,P003,2025-08-07,2025-08-16,2025-08-18,100,101,180.22,180.0,18202.22,Delivered
PO00478,V006,P003,2025-04-05,2025-04-15,2025-04-16,10,10,177.34,180.0,1773.4,Delivered
PO00479,V006,P002,2025-08-04,2025-08-09,2025-08-11,50,52,320.53,320.0,16667.56,Delivered
PO00480,V006,P003,2025-06-15,2025-06-23,2025-06-23,200,201,175.02,180.0,35179.02,Delivered
PO00481,V006,P004,2025-08-10,2025-08-16,2025-08-20,25,24,272.42,260.0,6538.08,Delivered
PO00482,V006,P002,2025-05-03,2025-05-08,2025-05-09,25,23,299.8,320.0,6895.4,Partial
PO00483,V006,P001,2025-03-24,2025-04-04,2025-04-04,200,184,44.73,45.0,8230.32,Partial
PO00484,V006,P001,2025-01-04,2025-01-10,2025-01-12,20,18,45.13,45.0,812.34,Partial
PO00485,V006,P004,2025-06-17,2025-06-22,2025-06-21,500,465,268.89,260.0,125033.85,Partial
PO00486,V007,P006,2025-04-04,2025-04-11,2025-04-11,20,21,2273.21,2100.0,47737.41,Delivered
PO00487,V007,P016,2025-06-13,2025-06-19,2025-06-22,25,23,528.53,480.0,12156.19,Partial
PO00488,V007,P013,2025-01-05,2025-01-09,2025-01-09,100,103,867.02,850.0,89303.06,Delivered
PO00489,V007,P015,2025-02-01,2025-02-07,2025-02-08,20,21,223.45,210.0,4692.45,Delivered
PO00490,V007,P016,2025-06-21,2025-07-01,2025-07-02,10,9,477.67,480.0,4299.03,Partial
PO00491,V007,P016,2025-06-04,2025-06-10,2025-06-10,25,24,491.67,480.0,11800.08,Delivered
PO00492,V007,P013,2025-03-26,2025-03-31,2025-03-29,100,92,731.52,0.0,67299.84,Partial
PO00493,V007,P014,2025-09-20,2025-09-30,2025-09-29,25,25,305.64,320.0,7641.0,Delivered
PO00494,V007,P014,2025-08-07,2025-08-16,2025-08-15,25,25,321.59,320.0,8039.75,Delivered
PO00495,V007,P015,2025-05-21,2025-05-28,2025-05-24,20,19,209.62,210.0,3982.78,Delivered
PO00496,V007,P015,2025-01-16,2025-01-22,2025-01-21,20,21,212.27,210.0,4457.67,Delivered
PO00497,V007,P007,2025-03-13,2025-03-19,2025-03-20,200,210,816.35,780.0,171433.5,Delivered
PO00498,V007,P001,2025-06-06,2025-06-14,2025-06-12,10,9,45.9,45.0,413.1,Partial
PO00499,V007,P013,2025-07-09,2025-07-17,2025-07-16,200,177,875.34,850.0,154935.18,Partial
PO00500,V007,P013,2025-06-23,2025-07-02,2025-06-29,10,10,877.96,850.0,8779.6,Delivered
PO00501,V007,P015,2025-04-21,2025-04-27,2025-04-27,25,25,222.98,210.0,5574.5,Delivered
PO00502,V007,P014,2025-07-03,2025-07-11,2025-07-13,50,51,346.98,320.0,17695.98,Delivered
PO00503,V007,P014,2025-03-19,2025-03-28,2025-03-30,200,184,309.98,320.0,57036.32,Partial
PO00504,V007,P015,2025-07-28,2025-08-04,2025-08-05,50,43,231.3,210.0,9945.9,Partial
PO00505,V007,P016,2025-08-20,2025-08-24,2025-08-23,200,186,515.2,480.0,95827.2,Partial
PO00506,V007,P013,2025-02-05,2025-02-11,2025-02-09,100,88,864.31,850.0,76059.28,Partial
PO00507,V007,P012,2025-01-26,2025-02-01,2025-01-31,200,189,653.35,650.0,123483.15,Partial
PO00508,V007,P007,2025-05-25,2025-05-31,2025-06-03,25,26,765.72,780.0,19908.72,Delivered
PO00509,V007,P016,2025-08-17,2025-08-24,2025-08-26,100,99,494.04,480.0,48909.96,Delivered
PO00510,V007,P015,2025-09-12,2025-09-18,2025-09-20,25,25,205.89,210.0,5147.25,Delivered
PO00511,V007,P014,2025-04-25,2025-04-30,2025-04-30,100,98,345.64,320.0,33872.72,Delivered
PO00512,V007,P013,2025-06-01,2025-06-05,2025-06-05,25,24,831.67,850.0,19960.08,Delivered
PO00513,V007,P004,2025-02-13,2025-02-21,2025-02-20,200,177,270.38,260.0,47857.26,Partial
PO00514,V007,P014,2025-08-21,2025-08-28,2025-08-27,25,24,344.85,320.0,8276.4,Delivered
PO00515,V007,P008,2025-04-09,2025-04-13,2025-04-15,200,210,424.88,410.0,89224.8,Delivered
PO00516,V007,P013,2025-05-02,2025-05-09,2025-05-05,50,44,843.23,0.0,37102.12,Partial
PO00517,V007,P013,2025-01-28,2025-02-01,2025-01-30,50,49,854.34,850.0,41862.66,Delivered
PO00518,V007,P016,2025-01-01,2025-01-10,2025-01-09,20,21,481.56,480.0,10112.76,Delivered
PO00519,V007,P013,2025-08-15,2025-08-24,2025-08-23,500,478,862.26,850.0,412160.28,Delivered
PO00520,V007,P013,2025-02-26,2025-03-02,2025-03-04,100,96,849.42,850.0,81544.32,Delivered
PO00521,V007,P013,2025-09-12,2025-09-16,2025-09-14,50,52,867.8,850.0,45125.6,Delivered
PO00522,V007,P015,2025-08-28,2025-09-02,2025-09-03,20,20,234.12,210.0,4682.4,Delivered
PO00523,V007,P015,2025-09-14,2025-09-23,2025-09-24,10,9,209.08,210.0,1881.72,Partial
PO00524,V007,P015,2025-03-02,2025-03-11,2025-03-11,50,51,215.46,210.0,10988.46,Delivered
PO00525,V007,P013,2025-07-24,2025-08-02,2025-08-02,10,10,812.36,850.0,8123.6,Delivered
PO00526,V007,P016,2025-02-19,2025-02-24,2025-02-25,25,24,476.93,480.0,11446.32,Delivered
PO00527,V007,P016,2025-01-28,2025-02-03,2025-02-04,25,26,513.36,480.0,13347.36,Delivered
PO00528,V007,P014,2025-09-08,2025-09-18,,10,10,308.54,320.0,3085.4,Delivered
PO00529,V007,P013,2025-02-05,2025-02-11,2025-02-12,10,9,841.3,850.0,7571.7,Partial
PO00530,V007,P015,2025-05-18,2025-05-24,2025-05-24,25,24,228.87,210.0,5492.88,Delivered
PO00531,V007,P016,2025-02-28,2025-03-10,2025-03-13,200,198,516.93,480.0,102352.14,Delivered
PO00532,V007,P016,2025-07-20,2025-07-24,2025-07-26,20,18,476.4,480.0,8575.2,Partial
PO00533,V007,P016,2025-04-12,2025-04-18,2025-04-21,10,10,525.54,480.0,5255.4,Delivered
PO00534,V007,P011,2025-05-13,2025-05-17,2025-05-15,10,10,8143.4,8500.0,81434.0,Delivered
PO00535,V007,P003,2025-05-26,2025-05-30,2025-05-30,20,21,183.58,180.0,3855.18,Delivered
PO00536,V007,P012,2025-01-07,2025-01-15,2025-01-16,25,25,633.48,650.0,15837.0,Delivered
PO00537,V007,P015,2025-02-27,2025-03-08,2025-03-07,500,521,216.59,210.0,112843.39,Delivered
PO00538,V007,P015,2025-08-05,2025-08-09,2025-08-08,10,9,198.69,210.0,1788.21,Partial
PO00539,V007,P013,2025-02-06,2025-02-13,2025-02-14,50,51,905.93,850.0,46202.43,Delivered
PO00540,V007,P014,2025-01-22,2025-01-27,2025-01-29,25,25,352.95,320.0,8823.75,Delivered
PO00541,V007,P014,2025-09-15,2025-09-24,2025-09-23,50,48,336.79,320.0,16165.92,Delivered
PO00542,V007,P009,2025-02-14,2025-02-18,2025-02-16,50,45,43786.87,42000.0,1970409.15,Partial
PO00543,V008,P010,2025-08-05,2025-08-11,2025-08-12,500,501,38578.91,38000.0,19328033.91,Delivered
PO00544,V008,P008,2025-07-01,2025-07-05,2025-07-06,25,25,401.36,410.0,10034.0,Delivered
PO00545,V008,P010,2025-08-19,2025-08-24,2025-08-23,25,25,40885.77,38000.0,1022144.25,Delivered
PO00546,V008,P012,2025-06-20,2025-06-24,2025-06-24,100,94,633.39,650.0,59538.66,Partial
PO00547,V008,P005,2025-01-12,2025-01-15,2025-01-15,200,182,1200.34,1200.0,218461.88,Partial
PO00548,V008,P009,2025-03-08,2025-03-10,2025-03-11,25,25,44348.38,42000.0,1108709.5,Delivered
PO00549,V008,P002,2025-02-27,2025-03-02,2025-03-04,25,25,339.93,320.0,8498.25,Delivered
PO00550,V008,P010,2025-02-26,2025-03-02,2025-03-03,25,26,38061.92,38000.0,989609.92,Delivered
PO00551,V008,P010,2025-06-19,2025-06-25,2025-06-22,100,93,38323.65,38000.0,3564099.45,Partial
PO00552,V008,P010,2025-06-10,2025-06-12,2025-06-13,100,102,34204.75,38000.0,3488884.5,Delivered
PO00553,V008,P009,2025-01-08,2025-01-13,,20,21,41760.43,42000.0,876969.03,Delivered
PO00554,V008,P009,2025-02-26,2025-03-01,2025-03-01,20,20,42048.49,42000.0,840969.8,Delivered
PO00555,V008,P011,2025-07-19,2025-07-22,2025-07-19,500,479,8750.26,8500.0,4191374.54,Delivered
PO00556,V008,P003,2025-04-12,2025-04-16,2025-04-12,25,23,180.31,180.0,4147.13,Partial
PO00557,V008,P012,2025-08-10,2025-08-13,2025-08-14,50,50,635.62,650.0,31781.0,Delivered
PO00558,V008,P010,2025-07-21,2025-07-27,2025-07-28,100,97,39789.97,38000.0,3859627.09,Delivered
PO00559,V008,P011,2025-03-27,2025-03-31,2025-03-31,200,198,9150.77,8500.0,1811852.46,Delivered
PO00560,V008,P003,2025-05-01,2025-05-07,2025-05-07,10,10,175.09,180.0,1750.9,Delivered
PO00561,V008,P012,2025-06-06,2025-06-12,2025-06-11,10,9,703.72,650.0,6333.48,Partial
PO00562,V008,P012,2025-06-16,2025-06-18,2025-06-19,20,21,599.01,650.0,12579.21,Delivered
PO00563,V008,P013,2025-01-21,2025-01-23,2025-01-25,25,25,825.55,850.0,20638.75,Delivered
PO00564,V008,P009,2025-03-07,2025-03-09,2025-03-09,200,183,41678.87,42000.0,7627233.21,Partial
PO00565,V008,P012,2025-02-01,2025-02-06,2025-02-04,50,52,641.58,650.0,33362.16,Delivered
PO00566,V008,P010,2025-09-13,2025-09-18,2025-09-20,500,494,38187.41,38000.0,18864580.54,Delivered
PO00567,V008,P009,2025-03-28,2025-03-31,2025-03-29,500,504,40650.59,42000.0,20487897.36,Delivered
PO00568,V008,P010,2025-02-28,2025-03-02,2025-03-02,10,9,37713.95,38000.0,339425.55,Partial
PO00569,V008,P010,2025-07-11,2025-07-16,2025-07-16,100,96,35944.62,38000.0,3450683.52,Delivered
PO00570,V008,P010,2025-08-03,2025-08-09,2025-08-11,50,49,38763.3,38000.0,1899401.7,Delivered
PO00571,V008,P009,2025-09-21,2025-09-26,2025-09-25,25,24,43865.02,42000.0,1052760.48,Delivered
PO00572,V008,P007,2025-05-07,2025-05-12,2025-05-12,25,25,760.58,780.0,19014.5,Delivered
PO00573,V008,P012,2025-01-08,2025-01-13,2025-01-12,25,26,674.38,650.0,17533.88,Delivered
PO00574,V008,P009,2025-05-01,2025-05-05,2025-05-04,10,10,42870.43,42000.0,428704.3,Delivered
PO00575,V008,P012,2025-06-07,2025-06-11,2025-06-07,25,26,713.47,650.0,18550.22,Delivered
PO00576,V008,P010,2025-06-26,2025-07-01,2025-06-29,100,91,39790.37,38000.0,3620923.67,Partial
PO00577,V008,P012,2025-06-13,2025-06-18,2025-06-19,10,9,680.46,650.0,6124.14,Partial
PO00578,V008,P010,2025-04-09,2025-04-13,2025-04-14,100,90,39360.12,38000.0,3542410.8,Partial
PO00579,V008,P012,2025-05-02,2025-05-04,2025-05-05,500,525,647.16,650.0,339759.0,Delivered
PO00580,V008,P011,2025-02-18,2025-02-24,2025-02-22,500,479,8608.34,8500.0,4123394.86,Delivered
PO00581,V008,P004,2025-04-13,2025-04-18,2025-04-18,50,48,245.18,260.0,11768.64,Delivered
PO00582,V008,P011,2025-03-10,2025-03-12,2025-03-12,20,21,9129.95,8500.0,191728.95,Delivered
PO00583,V008,P011,2025-08-06,2025-08-09,2025-08-09,10,10,8832.03,8500.0,88320.3,Delivered
PO00584,V008,P010,2025-08-22,2025-08-25,2025-08-23,500,490,41627.97,38000.0,20397705.3,Delivered
PO00585,V008,P011,2025-08-03,2025-08-09,2025-08-10,500,523,8205.09,8500.0,4291262.07,Delivered
PO00586,V008,P011,2025-02-09,2025-02-11,2025-02-13,20,20,8847.69,8500.0,176953.8,Delivered
PO00587,V008,P010,2025-08-05,2025-08-11,2025-08-12,500,440,39722.55,38000.0,17477922.0,Partial
PO00588,V008,P011,2025-05-04,2025-05-10,2025-05-09,50,48,9115.88,8500.0,437562.24,Delivered
PO00589,V008,P011,2025-05-21,2025-05-27,2025-05-27,25,24,8032.92,8500.0,192790.08,Delivered
PO00590,V008,P009,2025-04-13,2025-04-19,2025-04-22,25,26,43991.47,42000.0,1143778.22,Delivered
PO00591,V008,P011,2025-06-23,2025-06-28,2025-06-26,25,25,8989.89,8500.0,224747.25,Delivered
PO00592,V008,P005,2025-02-27,2025-03-03,2025-03-01,500,490,1296.9,1200.0,635481.0,Delivered
PO00593,V008,P009,2025-01-23,2025-01-26,2025-01-28,50,52,39384.26,42000.0,2047981.52,Delivered
PO00594,V008,P008,2025-03-25,2025-03-29,2025-03-28,10,9,416.41,410.0,3747.69,Partial
PO00595,V008,P010,2025-01-07,2025-01-12,2025-01-12,500,464,39539.82,38000.0,18346476.48,Partial
PO00596,V008,P004,2025-03-12,2025-03-18,2025-03-19,200,186,279.28,260.0,51946.08,Partial
PO00597,V008,P011,2025-06-17,2025-06-23,2025-06-24,500,485,8315.42,8500.0,4032978.7,Delivered
PO00598,V008,P007,2025-01-07,2025-01-10,2025-01-12,25,25,715.27,780.0,17881.75,Delivered
PO00599,V008,P011,2025-07-23,2025-07-27,2025-07-27,200,196,8904.08,8500.0,1745199.68,Delivered
PO00600,V008,P009,2025-03-04,2025-03-07,2025-03-06,50,51,44561.77,42000.0,2272650.27,Delivered
PO00601,V008,P009,2025-08-06,2025-08-11,2025-08-10,500,475,37160.78,42000.0,17651370.5,Delivered
PO00602,V008,P011,2025-02-09,2025-02-11,2025-02-11,10,10,8939.16,8500.0,89391.6,Delivered
PO00603,V008,P010,2025-04-06,2025-04-09,,200,210,38643.91,38000.0,8115221.1,Delivered
PO00604,V008,P011,2025-03-07,2025-03-12,2025-03-11,10,10,9453.66,8500.0,94536.6,Delivered
PO00605,V008,P006,2025-07-16,2025-07-19,2025-07-18,100,92,2073.93,2100.0,190801.56,Partial
PO00606,V008,P001,2025-02-26,2025-03-02,2025-03-02,50,50,45.45,45.0,2272.5,Delivered
PO00607,V008,P012,2025-05-09,2025-05-13,2025-05-13,10,10,697.67,650.0,6976.7,Delivered
PO00608,V008,P007,2025-07-17,2025-07-21,2025-07-21,10,10,792.05,780.0,7920.5,Delivered
PO00609,V008,P009,2025-06-16,2025-06-20,2025-06-18,25,25,42036.17,42000.0,1050904.25,Delivered
PO00610,V008,P010,2025-09-21,2025-09-25,2025-09-23,500,487,36882.49,38000.0,17961772.63,Delivered
PO00611,V008,P003,2025-09-08,2025-09-14,2025-09-14,200,210,160.59,180.0,33723.9,Delivered
PO00612,V008,P009,2025-02-05,2025-02-10,2025-02-08,50,52,45985.17,42000.0,2391228.84,Delivered
PO00613,V008,P010,2025-09-13,2025-09-19,2025-09-17,200,186,39825.7,38000.0,7407580.2,Partial
PO00614,V008,P009,2025-03-08,2025-03-13,2025-03-11,500,439,39431.84,42000.0,17310577.76,Partial
PO00615,V008,P008,2025-02-06,2025-02-12,2025-02-11,50,48,451.61,410.0,21677.28,Delivered
PO00616,V008,P011,2025-02-05,2025-02-11,2025-02-14,200,206,7866.75,8500.0,1620550.5,Delivered
PO00617,V008,P011,2025-01-03,2025-01-06,2025-01-05,25,25,9391.41,8500.0,234785.25,Delivered
PO00618,V008,P009,2025-01-09,2025-01-14,2025-01-14,500,478,37336.59,42000.0,17846890.02,Delivered
PO00619,V008,P009,2025-09-21,2025-09-27,2025-09-29,100,101,42615.98,42000.0,4304213.98,Delivered
PO00620,V008,P013,2025-06-04,2025-06-09,2025-06-06,500,525,775.39,850.0,407079.75,Delivered
PO00621,V008,P012,2025-08-28,2025-08-31,,50,49,645.31,650.0,31620.19,Delivered
PO00622,V008,P012,2025-08-05,2025-08-08,2025-08-08,200,193,580.14,650.0,111967.02,Delivered
PO00623,V008,P010,2025-03-06,2025-03-08,2025-03-07,20,17,38387.24,38000.0,652583.08,Partial
PO00624,V008,P007,2025-01-25,2025-01-31,2025-01-31,20,18,776.03,780.0,13968.54,Partial
PO00625,V008,P012,2025-05-20,2025-05-25,2025-05-22,50,50,679.74,650.0,33987.0,Delivered
PO00626,V008,P012,2025-05-01,2025-05-04,2025-04-30,500,475,633.98,650.0,301140.5,Delivered
PO00627,V008,P012,2025-08-27,2025-08-29,2025-08-29,20,20,685.06,650.0,13701.2,Delivered
PO00628,V008,P011,2025-09-08,2025-09-12,2025-09-12,50,49,8401.37,8500.0,411667.13,Delivered
PO00629,V008,P010,2025-08-17,2025-08-20,2025-08-19,25,25,38970.02,38000.0,974250.5,Delivered
PO00630,V008,P011,2025-03-10,2025-03-16,2025-03-16,20,20,7456.78,8500.0,149135.6,Delivered
PO00631,V008,P005,2025-05-11,2025-05-16,2025-05-15,20,21,1225.86,1200.0,25743.06,Delivered
PO00632,V008,P011,2025-02-26,2025-03-01,2025-03-04,20,21,9022.45,8500.0,189471.45,Delivered
PO00633,V008,P011,2025-04-24,2025-04-30,2025-05-02,200,180,8667.64,8500.0,1560175.2,Partial
PO00634,V008,P004,2025-05-21,2025-05-26,2025-05-28,100,96,271.96,260.0,26108.16,Delivered
PO00635,V008,P012,2025-04-02,2025-04-04,2025-04-06,10,9,643.5,650.0,5791.5,Partial
PO00636,V008,P012,2025-07-23,2025-07-28,2025-07-24,25,25,682.24,650.0,17056.0,Delivered
PO00637,V008,P012,2025-09-16,2025-09-19,2025-09-17,200,199,669.81,650.0,133292.19,Delivered
PO00638,V008,P009,2025-06-04,2025-06-08,2025-06-05,100,93,45014.43,42000.0,4186341.99,Partial
PO00639,V008,P012,2025-08-24,2025-08-28,2025-08-28,50,49,687.68,650.0,33696.32,Delivered
PO00640,V008,P009,2025-03-07,2025-03-11,2025-03-10,50,48,43876.48,42000.0,2106071.04,Delivered
PO00641,V008,P009,2025-02-10,2025-02-16,2025-02-15,50,49,43706.52,42000.0,2141619.48,Delivered
PO00642,V008,P009,2025-07-11,2025-07-13,2025-07-15,200,208,46189.4,42000.0,9607395.2,Delivered
PO00643,V008,P010,2025-05-16,2025-05-18,2025-05-18,10,10,38752.39,38000.0,387523.9,Delivered
PO00644,V008,P012,2025-08-09,2025-08-14,2025-08-13,10,10,633.83,650.0,6338.3,Delivered
PO00645,V008,P005,2025-09-04,2025-09-06,2025-09-06,25,22,1155.48,1200.0,25420.56,Partial
PO00646,V008,P011,2025-03-14,2025-03-16,2025-03-16,200,175,7775.33,8500.0,1360682.75,Partial
PO00647,V008,P009,2025-07-21,2025-07-25,2025-07-24,200,188,41670.45,42000.0,7834044.6,Partial
PO00648,V008,P009,2025-02-03,2025-02-07,2025-02-08,50,47,44327.98,42000.0,2083415.06,Partial
PO00649,V008,P011,2025-03-15,2025-03-20,2025-03-19,200,167,8738.38,8500.0,1459309.46,Partial
PO00650,V008,P012,2025-04-26,2025-04-29,2025-04-26,10,10,721.49,650.0,7214.9,Delivered
PO00651,V008,P011,2025-05-14,2025-05-19,2025-05-19,50,52,8478.84,8500.0,440899.68,Delivered
PO00652,V009,P016,2025-03-25,2025-04-01,2025-03-31,10,10,443.12,480.0,4431.2,Delivered
PO00653,V009,P013,2025-07-14,2025-07-23,2025-07-22,10,10,880.06,850.0,8800.6,Delivered
PO00654,V009,P004,2025-06-23,2025-07-02,2025-07-03,100,102,280.74,260.0,28635.48,Delivered
PO00655,V009,P015,2025-02-17,2025-02-24,2025-02-22,200,181,246.67,210.0,44647.27,Partial
PO00656,V009,P014,2025-09-08,2025-09-18,2025-09-19,100,105,340.31,320.0,35732.55,Delivered
PO00657,V009,P016,2025-01-02,2025-01-12,2025-01-10,500,525,482.66,480.0,253396.5,Delivered
PO00658,V009,P013,2025-09-06,2025-09-11,2025-09-11,25,24,849.47,850.0,20387.28,Delivered
PO00659,V009,P015,2025-03-02,2025-03-09,2025-03-05,10,10,199.78,210.0,1997.8,Delivered
PO00660,V009,P015,2025-06-15,2025-06-19,2025-06-20,50,51,228.02,210.0,11629.02,Delivered
PO00661,V009,P015,2025-09-11,2025-09-15,2025-09-14,50,49,217.06,210.0,10635.94,Delivered
PO00662,V009,P014,2025-05-02,2025-05-12,2025-05-12,100,103,343.18,320.0,35347.54,Delivered
PO00663,V009,P013,2025-01-21,2025-01-30,2025-01-29,50,50,873.01,850.0,43650.5,Delivered
PO00664,V009,P016,2025-04-11,2025-04-21,2025-04-19,25,26,495.46,480.0,12881.96,Delivered
PO00665,V009,P012,2025-05-18,2025-05-27,2025-05-27,25,24,639.92,650.0,15358.08,Delivered
PO00666,V009,P013,2025-08-23,2025-08-27,2025-08-26,25,22,882.76,850.0,19420.72,Partial
PO00667,V009,P014,2025-08-27,2025-09-05,2025-09-07,10,10,307.27,320.0,3072.7,Delivered
PO00668,V009,P013,2025-01-06,2025-01-12,2025-01-09,20,19,809.63,850.0,15382.97,Delivered
PO00669,V009,P013,2025-05-07,2025-05-14,2025-05-15,200,193,902.24,850.0,174132.32,Delivered
PO00670,V009,P014,2025-04-11,2025-04-20,2025-04-20,100,94,330.99,320.0,31113.06,Partial
PO00671,V009,P002,2025-08-04,2025-08-13,2025-08-14,100,93,309.48,320.0,28781.64,Partial
PO00672,V009,P013,2025-02-05,2025-02-13,2025-02-15,500,506,852.42,850.0,431324.52,Delivered
PO00673,V009,P013,2025-06-19,2025-06-28,2025-07-01,20,19,865.6,850.0,16446.4,Delivered
PO00674,V009,P016,2025-01-24,2025-02-02,2025-02-03,100,95,494.9,480.0,47015.5,Delivered
PO00675,V009,P014,2025-05-11,2025-05-19,2025-05-19,500,434,333.63,320.0,144795.42,Partial
PO00676,V010,P005,2025-08-08,2025-08-17,2025-08-14,20,18,1279.86,1200.0,23037.48,Partial
PO00677,V010,P006,2025-05-14,2025-06-01,2025-06-04,100,101,1999.99,2100.0,201998.99,Delivered
PO00678,V010,P007,2025-02-28,2025-03-10,2025-03-14,100,92,746.24,780.0,68654.08,Partial
PO00679,V010,P008,2025-03-23,2025-04-09,2025-04-10,20,19,406.09,410.0,7715.71,Delivered
PO00680,V010,P008,2025-02-17,2025-03-01,2025-03-07,100,97,425.25,410.0,41249.25,Delivered
PO00681,V010,P007,2025-02-16,2025-03-01,2025-03-08,500,521,786.2,780.0,409610.2,Delivered
PO00682,V010,P007,2025-03-01,2025-03-08,2025-03-06,200,193,852.82,780.0,164594.26,Delivered
PO00683,V010,P005,2025-03-02,2025-03-13,2025-03-16,20,19,1158.74,1200.0,22016.06,Delivered
PO00684,V010,P008,2025-08-27,2025-09-11,2025-09-07,10,9,421.03,410.0,3789.27,Partial
PO00685,V010,P007,2025-04-12,2025-04-29,2025-05-06,100,103,801.91,780.0,82596.73,Delivered
PO00686,V010,P008,2025-01-13,2025-01-26,2025-01-29,50,51,398.39,410.0,20317.89,Delivered
PO00687,V010,P016,2025-04-26,2025-05-14,2025-05-17,25,25,460.4,480.0,11510.0,Delivered
PO00688,V010,P006,2025-06-07,2025-06-25,2025-06-27,200,206,2126.18,2100.0,437993.08,Delivered
PO00689,V010,P007,2025-04-21,2025-05-09,2025-05-06,20,21,772.81,780.0,16229.01,Delivered
PO00690,V010,P006,2025-09-10,2025-09-28,2025-09-30,100,102,2155.62,2100.0,219873.24,Delivered
PO00691,V010,P007,2025-05-04,2025-05-15,2025-05-17,20,20,800.93,780.0,16018.6,Delivered
PO00692,V010,P008,2025-02-06,2025-02-20,2025-02-23,200,193,452.05,410.0,87245.65,Delivered
PO00693,V010,P007,2025-08-05,2025-08-22,2025-08-28,100,100,845.96,780.0,84596.0,Delivered
PO00694,V010,P005,2025-02-27,2025-03-17,2025-03-20,25,26,1211.67,1200.0,31503.42,Delivered
PO00695,V010,P007,2025-03-17,2025-04-01,2025-04-08,20,20,762.88,780.0,15257.6,Delivered
PO00696,V010,P008,2025-06-14,2025-06-24,2025-06-27,20,21,421.08,410.0,8842.68,Delivered
PO00697,V010,P006,2025-04-22,2025-05-08,2025-05-11,100,95,2080.4,2100.0,197638.0,Delivered
PO00698,V010,P004,2025-04-16,2025-04-28,2025-04-22,50,51,251.36,260.0,12819.36,Delivered
PO00699,V010,P012,2025-08-08,2025-08-25,2025-08-20,25,25,667.18,650.0,16679.5,Delivered
PO00700,V010,P010,2025-09-13,2025-09-28,2025-09-29,200,210,39860.13,38000.0,8370627.3,Delivered
PO00701,V010,P008,2025-06-10,2025-06-25,2025-06-27,50,51,388.86,410.0,19831.86,Delivered
PO00702,V010,P006,2025-07-16,2025-07-24,2025-07-24,10,10,2040.92,2100.0,20409.2,Delivered
PO00703,V010,P004,2025-02-06,2025-02-14,2025-02-17,20,21,279.89,260.0,5877.69,Delivered
PO00704,V011,P004,2025-01-22,2025-02-02,2025-02-01,20,18,275.48,260.0,4958.64,Partial
PO00705,V011,P002,2025-07-18,2025-07-24,2025-07-26,20,20,309.13,320.0,6182.6,Delivered
PO00706,V011,P003,2025-02-01,2025-02-06,2025-02-05,10,10,178.67,180.0,1786.7,Delivered
PO00707,V011,P006,2025-09-06,2025-09-12,2025-09-11,25,25,2154.84,2100.0,53871.0,Delivered
PO00708,V011,P002,2025-09-14,2025-09-25,2025-09-25,50,48,324.28,320.0,15565.44,Delivered
PO00709,V011,P001,2025-05-22,2025-05-28,2025-05-27,100,105,48.11,45.0,5051.55,Delivered
PO00710,V011,P002,2025-02-02,2025-02-12,2025-02-12,25,25,328.24,320.0,8206.0,Delivered
PO00711,V011,P004,2025-01-26,2025-02-01,2025-02-01,50,51,273.21,260.0,13933.71,Delivered
PO00712,V011,P003,2025-08-13,2025-08-25,2025-08-25,20,19,176.1,180.0,3345.9,Delivered
PO00713,V011,P001,2025-03-05,2025-03-14,2025-03-13,25,26,45.28,45.0,1177.28,Delivered
PO00714,V011,P009,2025-08-22,2025-08-27,2025-08-27,20,20,41249.55,42000.0,824991.0,Delivered
PO00715,V011,P003,2025-09-04,2025-09-15,2025-09-16,10,10,195.63,180.0,1956.3,Delivered
PO00716,V011,P004,2025-03-10,2025-03-18,2025-03-15,500,461,257.87,260.0,118878.07,Partial
PO00717,V011,P002,2025-05-17,2025-05-25,2025-05-26,20,21,329.68,320.0,6923.28,Delivered
PO00718,V011,P002,2025-09-04,2025-09-09,2025-09-08,50,47,346.38,320.0,16279.86,Partial
PO00719,V011,P004,2025-04-21,2025-04-27,2025-04-28,20,19,274.75,260.0,5220.25,Delivered
PO00720,V011,P003,2025-03-24,2025-04-03,2025-04-01,200,188,181.51,180.0,34123.88,Partial
PO00721,V011,P001,2025-03-08,2025-03-14,2025-03-14,50,45,45.15,45.0,2031.75,Partial
PO00722,V011,P002,2025-04-15,2025-04-22,2025-04-20,25,25,338.15,320.0,8453.75,Delivered
PO00723,V011,P004,2025-07-26,2025-08-02,2025-08-03,20,20,272.41,260.0,5448.2,Delivered
PO00724,V011,P002,2025-04-26,2025-05-05,2025-05-05,20,19,319.16,320.0,6064.04,Delivered
PO00725,V011,P001,2025-05-22,2025-06-03,2025-06-02,500,464,46.4,45.0,21529.6,Partial
PO00726,V011,P003,2025-01-10,2025-01-17,2025-01-19,10,10,194.01,180.0,1940.1,Delivered
PO00727,V011,P001,2025-09-27,2025-10-05,2025-10-05,200,193,42.69,45.0,8239.17,Delivered
PO00728,V011,P004,2025-08-03,2025-08-08,2025-08-07,100,100,253.9,260.0,25390.0,Delivered
PO00729,V011,P001,2025-05-13,2025-05-18,2025-05-19,100,85,48.52,45.0,4124.2,Partial
PO00730,V011,P002,2025-01-18,2025-01-28,2025-01-27,500,497,317.93,320.0,158011.21,Delivered
PO00731,V011,P004,2025-01-19,2025-01-26,2025-01-27,100,94,266.63,260.0,25063.22,Partial
PO00732,V011,P002,2025-01-03,2025-01-08,2025-01-09,500,466,327.31,320.0,152526.46,Partial
PO00733,V011,P011,2025-09-26,2025-10-03,2025-10-02,20,21,8732.45,8500.0,183381.45,Delivered
PO00734,V011,P003,2025-05-19,2025-05-31,2025-05-30,20,21,195.84,180.0,4112.64,Delivered
PO00735,V011,P003,2025-02-25,2025-03-06,2025-03-07,10,10,194.46,180.0,1944.6,Delivered
PO00736,V011,P004,2025-02-22,2025-03-05,2025-03-05,10,10,270.28,260.0,2702.8,Delivered
PO00737,V011,P016,2025-03-02,2025-03-08,2025-03-09,200,191,505.7,480.0,96588.7,Delivered
PO00738,V011,P003,2025-04-27,2025-05-04,2025-05-02,50,44,174.44,180.0,7675.36,Partial
PO00739,V011,P001,2025-08-12,2025-08-21,2025-08-20,100,76,45.45,45.0,3454.2,Partial
PO00740,V011,P002,2025-01-13,2025-01-25,2025-01-27,100,96,354.48,320.0,34030.08,Delivered
PO00741,V011,P002,2025-06-01,2025-06-13,2025-06-12,10,10,327.97,320.0,3279.7,Delivered
PO00742,V011,P003,2025-05-17,2025-05-24,2025-05-25,25,25,190.89,180.0,4772.25,Delivered
PO00743,V011,P004,2025-03-20,2025-03-28,2025-03-28,200,199,259.59,260.0,51658.41,Delivered
PO00744,V011,P003,2025-09-04,2025-09-16,2025-09-16,20,20,188.88,180.0,3777.6,Delivered
PO00745,V011,P004,2025-09-21,2025-09-29,2025-10-01,100,99,283.38,260.0,28054.62,Delivered
PO00746,V011,P002,2025-08-19,2025-08-24,2025-08-23,10,10,345.24,320.0,3452.4,Delivered
PO00747,V011,P003,2025-05-06,2025-05-17,2025-05-17,200,209,175.93,180.0,36769.37,Delivered
PO00748,V011,P011,2025-09-01,2025-09-07,2025-09-05,100,100,8306.4,8500.0,830640.0,Delivered
PO00749,V011,P014,2025-05-16,2025-05-24,2025-05-25,100,99,296.99,320.0,29402.01,Delivered
PO00750,V011,P005,2025-06-05,2025-06-14,2025-06-15,200,210,1190.31,1200.0,249965.1,Delivered
PO00751,V011,P013,2025-03-11,2025-03-17,2025-03-16,50,50,938.5,850.0,46925.0,Delivered
PO00752,V011,P004,2025-04-05,2025-04-16,2025-04-16,100,101,258.33,260.0,26091.33,Delivered
PO00753,V011,P003,2025-02-04,2025-02-09,2025-02-06,100,87,161.36,180.0,14038.32,Partial
PO00754,V011,P004,2025-02-25,2025-03-04,2025-03-04,500,512,278.82,260.0,142755.84,Delivered
PO00755,V011,P002,2025-02-01,2025-02-12,2025-02-13,200,199,331.36,320.0,65940.64,Delivered
PO00756,V011,P001,2025-03-17,2025-03-28,2025-03-28,500,466,45.91,45.0,21394.06,Partial
PO00757,V011,P016,2025-07-24,2025-07-30,2025-07-31,25,25,481.78,480.0,12044.5,Delivered
PO00758,V011,P006,2025-09-16,2025-09-25,2025-09-25,50,49,1933.51,2100.0,94741.99,Delivered
PO00759,V011,P001,2025-04-09,2025-04-15,2025-04-15,50,47,43.9,45.0,2063.3,Partial
PO00760,V011,P001,2025-08-21,2025-09-01,2025-09-01,20,20,49.2,45.0,984.0,Delivered
PO00761,V011,P003,2025-08-14,2025-08-23,2025-08-25,50,50,197.51,180.0,9875.5,Delivered
PO00762,V011,P001,2025-08-19,2025-08-30,2025-08-30,50,48,45.61,45.0,2189.28,Delivered
PO00763,V011,P014,2025-05-18,2025-05-25,2025-05-24,100,103,324.56,320.0,33429.68,Delivered
PO00764,V011,P001,2025-09-16,2025-09-26,2025-09-27,50,50,43.38,45.0,2169.0,Delivered
PO00765,V011,P004,2025-03-24,2025-04-01,2025-04-03,20,20,274.38,260.0,5487.6,Delivered
PO00766,V012,P001,2025-09-04,2025-09-14,2025-09-15,100,105,48.29,45.0,5070.45,Delivered
PO00767,V012,P003,2025-05-23,2025-05-30,2025-06-03,10,10,179.27,180.0,1792.7,Delivered
PO00768,V012,P002,2025-09-26,2025-10-08,2025-10-07,10,9,303.93,320.0,2735.37,Partial
PO00769,V012,P004,2025-01-03,2025-01-09,2025-01-08,200,188,260.97,260.0,49062.36,Partial
PO00770,V012,P015,2025-01-13,2025-01-22,2025-01-23,10,10,220.61,210.0,2206.1,Delivered
PO00771,V012,P006,2025-01-25,2025-02-06,2025-02-06,500,518,2208.33,2100.0,1143914.94,Delivered
PO00772,V012,P004,2025-01-22,2025-01-31,2025-01-31,500,482,276.95,260.0,133489.9,Delivered
PO00773,V012,P004,2025-06-20,2025-06-27,2025-06-27,25,25,253.9,260.0,6347.5,Delivered
PO00774,V012,P002,2025-02-08,2025-02-14,2025-02-14,25,22,373.09,320.0,8207.98,Partial
PO00775,V012,P004,2025-03-22,2025-03-30,2025-04-01,200,184,253.74,260.0,46688.16,Partial
PO00776,V012,P004,2025-05-23,2025-06-01,2025-06-01,100,93,258.0,260.0,23994.0,Partial
PO00777,V012,P004,2025-03-12,2025-03-20,2025-03-20,50,47,271.18,260.0,12745.46,Partial
PO00778,V012,P002,2025-05-13,2025-05-20,2025-05-16,10,10,304.09,320.0,3040.9,Delivered
PO00779,V012,P002,2025-03-18,2025-03-28,2025-03-27,25,22,335.3,320.0,7376.6,Partial
PO00780,V012,P002,2025-04-18,2025-04-27,2025-04-25,50,49,319.54,320.0,15657.46,Delivered
PO00781,V012,P004,2025-02-19,2025-03-01,2025-03-02,200,199,269.89,260.0,53708.11,Delivered
PO00782,V012,P005,2025-02-15,2025-02-27,2025-02-26,10,10,1193.58,1200.0,11935.8,Delivered
PO00783,V012,P004,2025-03-13,2025-03-21,2025-03-21,50,50,251.47,260.0,12573.5,Delivered
PO00784,V012,P003,2025-06-12,2025-06-21,2025-06-19,10,10,202.21,180.0,2022.1,Delivered
PO00785,V012,P003,2025-04-13,2025-04-19,2025-04-21,50,48,183.36,180.0,8801.28,Delivered
PO00786,V012,P001,2025-04-11,2025-04-20,2025-04-21,200,201,47.05,45.0,9457.05,Delivered
PO00787,V012,P001,2025-01-07,2025-01-15,2025-01-12,500,509,42.55,45.0,21657.95,Delivered
PO00788,V012,P003,2025-02-09,2025-02-17,2025-02-18,25,22,206.62,180.0,4545.64,Partial
PO00789,V012,P003,2025-04-05,2025-04-11,2025-04-09,50,50,191.52,180.0,9576.0,Delivered
PO00790,V012,P004,2025-05-20,2025-05-25,2025-05-26,25,25,281.09,260.0,7027.25,Delivered
PO00791,V012,P002,2025-01-20,2025-01-29,2025-01-26,500,510,336.16,320.0,171441.6,Delivered
PO00792,V012,P001,2025-08-17,2025-08-24,2025-08-23,500,525,43.47,45.0,22821.75,Delivered
PO00793,V012,P003,2025-06-14,2025-06-19,2025-06-20,50,45,197.76,180.0,8899.2,Partial
PO00794,V012,P002,2025-04-28,2025-05-10,2025-05-09,100,93,311.71,320.0,28989.03,Partial
PO00795,V012,P002,2025-02-15,2025-02-20,2025-02-20,50,50,303.2,320.0,15160.0,Delivered
PO00796,V012,P003,2025-03-19,2025-03-28,2025-03-28,25,26,176.39,180.0,4586.14,Delivered
PO00797,V012,P001,2025-05-08,2025-05-18,2025-05-17,50,49,45.98,45.0,2253.02,Delivered
PO00798,V012,P004,2025-01-14,2025-01-24,2025-01-23,25,24,280.14,260.0,6723.36,Delivered
PO00799,V012,P003,2025-05-15,2025-05-23,2025-05-24,200,201,182.29,180.0,36640.29,Delivered
PO00800,V012,P006,2025-08-09,2025-08-20,2025-08-17,20,20,2083.97,2100.0,41679.4,Delivered
PO00801,V012,P015,2025-01-05,2025-01-17,2025-01-17,20,20,207.37,210.0,4147.4,Delivered
PO00802,V012,P002,2025-05-14,2025-05-24,2025-05-23,25,23,333.68,320.0,7674.64,Partial
PO00803,V012,P001,2025-05-09,2025-05-14,2025-05-12,200,208,45.33,45.0,9428.64,Delivered
PO00804,V012,P001,2025-04-06,2025-04-18,2025-04-18,10,9,43.88,45.0,394.92,Partial
PO00805,V012,P004,2025-05-15,2025-05-25,2025-05-26,100,105,270.5,260.0,28402.5,Delivered
PO00806,V012,P002,2025-03-26,2025-04-06,2025-04-04,500,516,329.56,320.0,170052.96,Delivered
PO00807,V012,P004,2025-03-22,2025-03-29,2025-03-28,25,24,279.14,260.0,6699.36,Delivered
PO00808,V012,P001,2025-02-11,2025-02-23,2025-02-24,100,102,49.14,45.0,5012.28,Delivered
PO00809,V012,P003,2025-04-10,2025-04-17,2025-04-18,50,46,190.38,180.0,8757.48,Partial
PO00810,V012,P003,2025-09-21,2025-09-27,2025-09-25,25,23,184.05,180.0,4233.15,Partial
PO00811,V012,P003,2025-09-08,2025-09-17,2025-09-15,50,45,195.76,180.0,8809.2,Partial
PO00812,V012,P008,2025-05-09,2025-05-21,2025-05-21,20,20,373.55,410.0,7471.0,Delivered
PO00813,V012,P004,2025-01-28,2025-02-06,2025-02-07,200,204,257.81,260.0,52593.24,Delivered
PO00814,V012,P003,2025-03-03,2025-03-09,2025-03-08,50,44,175.53,180.0,7723.32,Partial
PO00815,V012,P001,2025-07-18,2025-07-24,2025-07-26,100,95,45.44,45.0,4316.8,Delivered
PO00816,V012,P002,2025-07-05,2025-07-14,2025-07-16,200,197,318.02,320.0,62649.94,Delivered
PO00817,V012,P001,2025-01-10,2025-01-17,2025-01-16,10,8,43.7,45.0,349.6,Partial
PO00818,V012,P001,2025-09-02,2025-09-14,2025-09-15,25,24,47.65,45.0,1143.6,Delivered
PO00819,V012,P001,2025-08-18,2025-08-25,2025-08-29,50,52,42.0,45.0,2184.0,Delivered
PO00820,V012,P001,2025-06-21,2025-07-02,2025-07-03,200,200,46.85,45.0,9370.0,Delivered
PO00821,V012,P003,2025-04-18,2025-04-30,2025-04-29,500,464,178.18,180.0,82675.52,Partial
PO00822,V012,P004,2025-04-03,2025-04-14,2025-04-14,25,25,258.17,260.0,6454.25,Delivered
PO00823,V012,P002,2025-02-01,2025-02-11,2025-02-13,100,104,307.74,320.0,32004.96,Delivered
PO00824,V012,P004,2025-08-01,2025-08-13,2025-08-11,500,484,252.65,260.0,122282.6,Delivered
PO00825,V012,P003,2025-09-14,2025-09-22,2025-09-21,100,95,184.37,180.0,17515.15,Delivered
PO00826,V012,P001,2025-02-12,2025-02-23,2025-02-22,20,21,46.77,45.0,982.17,Delivered
PO00827,V012,P002,2025-09-23,2025-10-04,2025-10-06,10,10,318.68,320.0,3186.8,Delivered
PO00828,V012,P002,2025-06-14,2025-06-23,2025-06-26,200,187,333.61,320.0,62385.07,Partial
PO00829,V012,P015,2025-09-18,2025-09-26,2025-09-25,20,20,204.76,210.0,4095.2,Delivered
PO00830,V012,P003,2025-07-05,2025-07-17,2025-07-16,100,103,202.15,180.0,20821.45,Delivered
PO00831,V012,P004,2025-04-16,2025-04-23,2025-04-24,10,10,269.68,260.0,2696.8,Delivered
PO00832,V012,P013,2025-02-06,2025-02-15,2025-02-17,50,46,822.96,850.0,37856.16,Partial
PO00833,V012,P002,2025-04-24,2025-05-01,2025-04-30,20,19,315.71,320.0,5998.49,Delivered
PO00834,V012,P002,2025-02-11,2025-02-21,2025-02-22,500,465,340.2,320.0,158193.0,Partial
PO00835,V012,P002,2025-03-02,2025-03-07,2025-03-11,10,9,323.83,320.0,2914.47,Partial
PO00836,V012,P003,2025-06-18,2025-06-27,2025-06-29,500,486,180.42,180.0,87684.12,Delivered
PO00837,V012,P004,2025-09-01,2025-09-12,2025-09-13,20,21,279.84,260.0,5876.64,Delivered
PO00838,V012,P002,2025-02-24,2025-03-08,2025-03-05,100,79,307.5,320.0,24292.5,Partial
PO00839,V012,P013,2025-01-22,2025-02-02,2025-01-31,25,26,846.69,850.0,22013.94,Delivered
PO00840,V012,P004,2025-01-06,2025-01-12,2025-01-12,200,208,251.11,260.0,52230.88,Delivered
PO00841,V012,P002,2025-01-10,2025-01-18,2025-01-18,200,178,361.42,320.0,64332.76,Partial
PO00842,V012,P003,2025-01-14,2025-01-23,2025-01-23,50,52,192.13,180.0,9990.76,Delivered
PO00843,V012,P004,2025-01-26,2025-02-07,2025-02-07,20,20,270.52,260.0,5410.4,Delivered
PO00844,V012,P004,2025-03-12,2025-03-19,2025-03-18,200,208,271.17,260.0,56403.36,Delivered
PO00845,V012,P004,2025-03-20,2025-03-25,2025-03-25,20,20,276.34,260.0,5526.8,Delivered
PO00846,V012,P001,2025-08-23,2025-08-30,2025-08-28,25,24,43.54,45.0,1044.96,Delivered
PO00847,V012,P004,2025-07-18,2025-07-30,2025-07-29,10,10,269.77,260.0,2697.7,Delivered
PO00848,V012,P001,2025-06-23,2025-07-02,2025-07-05,200,184,45.65,45.0,8399.6,Partial
PO00849,V012,P002,2025-07-15,2025-07-27,2025-07-28,20,20,321.29,320.0,6425.8,Delivered
PO00850,V012,P002,2025-04-18,2025-04-27,2025-04-27,500,494,347.5,320.0,171665.0,Delivered
PO00851,V012,P002,2025-08-18,2025-08-25,2025-08-25,500,486,323.58,320.0,157259.88,Delivered
PO00852,V012,P002,2025-03-09,2025-03-14,2025-03-13,100,104,344.45,320.0,35822.8,Delivered
PO00853,V012,P001,2025-08-13,2025-08-23,2025-08-23,20,19,46.46,45.0,882.74,Delivered
PO00854,V012,P002,2025-05-11,2025-05-22,2025-05-22,200,172,336.94,320.0,57953.68,Partial
PO00855,V012,P004,2025-04-16,2025-04-25,2025-04-25,200,186,267.15,260.0,49689.9,Partial
PO00856,V012,P003,2025-04-11,2025-04-17,2025-04-16,20,19,176.97,180.0,3362.43,Delivered
PO00857,V012,P004,2025-05-28,2025-06-09,2025-06-06,10,10,264.1,260.0,2641.0,Delivered
PO00858,V012,P004,2025-04-19,2025-05-01,2025-05-02,200,202,260.48,260.0,52616.96,Delivered
PO00859,V012,P002,2025-01-19,2025-01-27,2025-01-26,10,10,320.0,320.0,3200.0,Delivered
PO00860,V012,P004,2025-01-01,2025-01-13,2025-01-13,50,46,273.17,260.0,12565.82,Partial
PO00861,V012,P003,2025-03-26,2025-04-06,2025-04-04,500,475,208.46,180.0,99018.5,Delivered
PO00862,V012,P001,2025-04-23,2025-05-02,2025-05-02,200,204,43.78,45.0,8931.12,Delivered
PO00863,V012,P012,2025-05-03,2025-05-11,2025-05-08,10,9,598.39,650.0,5385.51,Partial
PO00864,V012,P002,2025-07-24,2025-08-01,2025-07-31,200,197,356.63,320.0,70256.11,Delivered
PO00865,V012,P002,2025-02-08,2025-02-19,2025-02-19,500,431,330.88,320.0,142609.28,Partial
PO00866,V012,P004,2025-09-21,2025-10-02,2025-09-30,500,489,274.05,260.0,134010.45,Delivered
PO00867,V012,P004,2025-09-06,2025-09-16,2025-09-16,100,101,268.71,260.0,27139.71,Delivered
PO00868,V012,P002,2025-03-20,2025-03-30,2025-03-29,500,516,345.43,320.0,178241.88,Delivered
PO00869,V012,P003,2025-08-12,2025-08-22,2025-08-22,100,92,197.13,180.0,18135.96,Partial
PO00870,V012,P004,2025-03-18,2025-03-27,2025-03-25,50,52,268.62,260.0,13968.24,Delivered
PO00871,V012,P004,2025-06-13,2025-06-22,2025-06-24,100,96,275.77,260.0,26473.92,Delivered
PO00872,V012,P010,2025-05-05,2025-05-10,2025-05-12,20,20,38348.49,38000.0,766969.8,Delivered
PO00873,V012,P002,2025-03-28,2025-04-04,2025-04-01,50,52,321.13,320.0,16698.76,Delivered
PO00874,V012,P003,2025-09-12,2025-09-22,2025-09-21,20,20,181.24,180.0,3624.8,Delivered
PO00875,V012,P009,2025-06-09,2025-06-20,2025-06-22,200,199,45156.76,42000.0,8986195.24,Delivered
PO00876,V012,P001,2025-02-03,2025-02-10,2025-02-12,200,176,44.01,45.0,7745.76,Partial
PO00877,V012,P004,2025-01-19,2025-01-28,2025-01-28,500,501,259.98,260.0,130249.98,Delivered
PO00878,V012,P004,2025-05-19,2025-05-29,2025-05-27,50,51,249.02,260.0,12700.02,Delivered
PO00879,V012,P001,2025-01-28,2025-02-02,2025-01-31,50,51,42.03,0.0,2143.53,Delivered
PO00880,V012,P002,2025-09-02,2025-09-12,2025-09-12,20,19,308.71,320.0,5865.49,Delivered
PO00881,V012,P002,2025-03-11,2025-03-18,2025-03-17,200,185,373.24,320.0,69049.4,Partial
PO00882,V012,P015,2025-01-13,2025-01-19,2025-01-20,25,25,208.26,210.0,5206.5,Delivered
PO00883,V012,P003,2025-02-26,2025-03-08,2025-03-08,100,94,182.17,180.0,17123.98,Partial
PO00884,V012,P001,2025-02-24,2025-03-05,2025-03-07,100,96,43.81,45.0,4205.76,Delivered
PO00885,V012,P011,2025-09-14,2025-09-21,2025-09-24,20,19,8656.5,8500.0,164473.5,Delivered
PO00886,V012,P003,2025-09-16,2025-09-24,2025-09-24,200,176,178.79,180.0,31467.04,Partial
PO00887,V012,P004,2025-04-17,2025-04-26,2025-04-27,25,25,266.88,260.0,6672.0,Delivered
PO00888,V012,P008,2025-08-22,2025-08-28,2025-08-25,50,47,420.3,410.0,19754.1,Partial
PO00889,V012,P002,2025-02-12,2025-02-22,2025-02-23,10,10,310.85,320.0,3108.5,Delivered
PO00890,V012,P004,2025-09-25,2025-10-07,2025-10-08,50,51,267.95,260.0,13665.45,Delivered
PO00891,V012,P016,2025-02-02,2025-02-10,2025-02-09,20,20,510.69,480.0,10213.8,Delivered
PO00892,V012,P003,2025-03-25,2025-03-31,2025-03-31,20,19,173.89,180.0,3303.91,Delivered
PO00893,V012,P007,2025-08-20,2025-08-25,2025-08-26,500,512,822.27,780.0,421002.24,Delivered
PO00894,V012,P002,2025-04-04,2025-04-09,2025-04-09,200,191,318.76,320.0,60883.16,Delivered
PO00895,V012,P002,2025-05-18,2025-05-27,2025-05-26,100,95,334.28,320.0,31756.6,Delivered
PO00896,V013,P005,2025-08-24,2025-08-26,2025-08-26,100,102,1274.53,1200.0,130002.06,Delivered
PO00897,V013,P010,2025-06-02,2025-06-04,2025-06-02,100,89,40336.89,38000.0,3589983.21,Partial
PO00898,V013,P011,2025-05-09,2025-05-11,2025-05-09,25,26,8774.98,8500.0,228149.48,Delivered
PO00899,V013,P007,2025-03-22,2025-03-26,2025-03-24,500,504,807.03,780.0,406743.12,Delivered
PO00900,V013,P010,2025-06-21,2025-06-26,2025-06-27,500,525,39203.04,38000.0,20581596.0,Delivered
PO00901,V013,P010,2025-06-20,2025-06-23,2025-06-22,100,93,41781.77,38000.0,3885704.61,Partial
PO00902,V013,P010,2025-02-23,2025-02-26,2025-02-26,50,49,38837.76,38000.0,1903050.24,Delivered
PO00903,V013,P011,2025-04-24,2025-04-28,2025-04-26,25,25,9068.96,8500.0,226724.0,Delivered
PO00904,V013,P011,2025-09-08,2025-09-14,2025-09-13,200,199,8144.28,8500.0,1620711.72,Delivered
PO00905,V013,P014,2025-07-09,2025-07-11,2025-07-11,25,26,321.32,320.0,8354.32,Delivered
PO00906,V013,P011,2025-01-13,2025-01-15,2025-01-13,100,94,8029.72,8500.0,754793.68,Partial
PO00907,V013,P012,2025-07-28,2025-07-31,2025-07-29,20,19,642.98,650.0,12216.62,Delivered
PO00908,V013,P009,2025-02-14,2025-02-20,2025-02-21,20,20,43162.02,42000.0,863240.4,Delivered
PO00909,V013,P011,2025-03-07,2025-03-13,2025-03-11,25,26,9036.34,8500.0,234944.84,Delivered
PO00910,V013,P010,2025-03-23,2025-03-29,2025-03-29,200,208,39501.29,38000.0,8216268.32,Delivered
PO00911,V013,P002,2025-05-19,2025-05-23,2025-05-23,200,201,298.02,320.0,59902.02,Delivered
PO00912,V013,P012,2025-06-04,2025-06-07,2025-06-06,50,51,626.83,650.0,31968.33,Delivered
PO00913,V013,P010,2025-05-14,2025-05-18,2025-05-18,10,10,41043.8,38000.0,410438.0,Delivered
PO00914,V013,P011,2025-06-05,2025-06-11,2025-06-09,100,105,8875.64,8500.0,931942.2,Delivered
PO00915,V013,P010,2025-01-08,2025-01-11,2025-01-11,200,188,38742.54,38000.0,7283597.52,Partial
PO00916,V013,P012,2025-03-25,2025-03-31,2025-04-01,25,23,601.96,650.0,13845.08,Partial
PO00917,V013,P010,2025-02-06,2025-02-11,2025-02-10,20,21,41964.09,38000.0,881245.89,Delivered
PO00918,V013,P012,2025-02-08,2025-02-10,2025-02-11,200,192,657.55,650.0,126249.6,Delivered
PO00919,V013,P006,2025-05-22,2025-05-25,2025-05-25,500,491,2280.27,2100.0,1119612.57,Delivered
PO00920,V013,P011,2025-05-20,2025-05-24,2025-05-25,50,45,9093.6,8500.0,409212.0,Partial
PO00921,V013,P009,2025-01-25,2025-01-30,2025-01-30,200,201,45932.55,42000.0,9232442.55,Delivered
PO00922,V013,P011,2025-03-19,2025-03-25,2025-03-24,50,46,9095.43,8500.0,418389.78,Partial
PO00923,V013,P008,2025-03-15,2025-03-17,2025-03-15,50,49,402.37,410.0,19716.13,Delivered
PO00924,V013,P010,2025-06-24,2025-06-29,2025-06-28,50,45,41007.32,38000.0,1845329.4,Partial
PO00925,V013,P005,2025-06-13,2025-06-17,2025-06-16,25,23,1342.15,1200.0,30869.45,Partial
PO00926,V013,P005,2025-09-20,2025-09-26,2025-09-26,50,44,1132.25,1200.0,49819.0,Partial
PO00927,V013,P010,2025-03-03,2025-03-05,2025-03-04,200,197,39122.97,38000.0,7707225.09,Delivered
PO00928,V013,P012,2025-06-18,2025-06-23,2025-06-24,20,17,682.86,650.0,11608.62,Partial
PO00929,V013,P011,2025-01-15,2025-01-18,2025-01-18,25,24,8813.43,8500.0,211522.32,Delivered
PO00930,V013,P011,2025-05-23,2025-05-26,2025-05-26,200,209,8155.68,8500.0,1704537.12,Delivered
PO00931,V013,P009,2025-04-15,2025-04-17,2025-04-18,100,101,44721.26,42000.0,4516847.26,Delivered
PO00932,V013,P011,2025-01-06,2025-01-11,2025-01-09,25,26,8516.53,8500.0,221429.78,Delivered
PO00933,V013,P015,2025-08-19,2025-08-22,2025-08-21,20,20,202.12,210.0,4042.4,Delivered
PO00934,V013,P012,2025-03-25,2025-03-30,2025-04-02,500,525,661.64,650.0,347361.0,Delivered
PO00935,V013,P009,2025-06-15,2025-06-18,2025-06-15,10,10,39982.27,42000.0,399822.7,Delivered
PO00936,V013,P010,2025-05-20,2025-05-22,2025-05-21,100,81,39204.77,38000.0,3175586.37,Partial
PO00937,V013,P011,2025-08-26,2025-08-31,2025-08-28,200,176,8039.25,8500.0,1414908.0,Partial
PO00938,V013,P010,2025-08-16,2025-08-21,2025-08-21,10,10,37061.53,38000.0,370615.3,Delivered
PO00939,V013,P004,2025-04-08,2025-04-12,2025-04-11,20,21,262.39,260.0,5510.19,Delivered
PO00940,V013,P010,2025-02-02,2025-02-04,2025-02-06,200,179,40524.97,38000.0,7253969.63,Partial
PO00941,V013,P002,2025-01-19,2025-01-23,2025-01-24,10,10,357.74,320.0,3577.4,Delivered
PO00942,V013,P001,2025-09-14,2025-09-17,2025-09-18,200,202,45.06,45.0,9102.12,Delivered
PO00943,V013,P011,2025-02-23,2025-03-01,2025-03-02,100,103,8012.14,8500.0,825250.42,Delivered
PO00944,V013,P015,2025-09-12,2025-09-14,2025-09-15,50,47,231.07,210.0,10860.29,Partial
PO00945,V013,P010,2025-06-27,2025-07-02,,20,20,38154.63,38000.0,763092.6,Delivered
PO00946,V013,P012,2025-04-04,2025-04-08,2025-04-06,100,102,684.61,650.0,69830.22,Delivered
PO00947,V013,P011,2025-03-07,2025-03-13,2025-03-14,200,185,8717.58,8500.0,1612752.3,Partial
PO00948,V013,P012,2025-06-21,2025-06-23,2025-06-22,100,100,629.87,650.0,62987.0,Delivered
PO00949,V013,P015,2025-09-26,2025-09-30,2025-10-01,25,26,225.76,210.0,5869.76,Delivered
PO00950,V013,P012,2025-04-17,2025-04-23,2025-04-22,100,91,645.81,650.0,58768.71,Partial
PO00951,V013,P012,2025-05-16,2025-05-21,2025-05-22,100,99,682.98,650.0,67615.02,Delivered
PO00952,V013,P010,2025-04-08,2025-04-11,2025-04-11,50,49,37618.7,38000.0,1843316.3,Delivered
PO00953,V013,P009,2025-03-21,2025-03-24,2025-03-25,25,24,44465.19,42000.0,1067164.56,Delivered
PO00954,V013,P012,2025-06-12,2025-06-15,2025-06-16,200,203,606.22,650.0,123062.66,Delivered
PO00955,V013,P012,2025-04-10,2025-04-12,2025-04-11,100,97,690.83,650.0,67010.51,Delivered
PO00956,V013,P006,2025-04-11,2025-04-13,2025-04-15,200,189,2035.32,2100.0,384675.48,Partial
PO00957,V013,P012,2025-06-19,2025-06-21,2025-06-22,500,513,717.63,650.0,368144.19,Delivered
PO00958,V013,P006,2025-09-11,2025-09-16,2025-09-14,200,189,2148.09,2100.0,405989.01,Partial
PO00959,V013,P009,2025-05-05,2025-05-10,2025-05-08,200,210,42301.55,42000.0,8883325.5,Delivered
PO00960,V013,P015,2025-09-02,2025-09-06,2025-09-03,10,10,217.74,210.0,2177.4,Delivered
PO00961,V013,P012,2025-09-07,2025-09-11,2025-09-10,25,26,701.77,650.0,18246.02,Delivered
PO00962,V013,P011,2025-05-27,2025-06-01,2025-05-31,50,50,8445.09,8500.0,422254.5,Delivered
PO00963,V013,P012,2025-06-06,2025-06-10,2025-06-09,25,26,653.09,650.0,16980.34,Delivered
PO00964,V013,P011,2025-05-14,2025-05-17,2025-05-16,20,20,9013.05,8500.0,180261.0,Delivered
PO00965,V013,P011,2025-04-17,2025-04-19,2025-04-19,500,437,9085.97,8500.0,3970568.89,Partial
PO00966,V013,P015,2025-01-07,2025-01-12,2025-01-12,100,94,198.16,210.0,18627.04,Partial
PO00967,V014,P003,2025-05-05,2025-05-14,2025-05-17,20,16,190.21,180.0,3043.36,Partial
PO00968,V014,P012,2025-07-25,2025-08-01,2025-08-01,10,10,601.26,650.0,6012.6,Delivered
PO00969,V014,P002,2025-02-15,2025-02-21,2025-02-22,10,10,315.67,320.0,3156.7,Delivered
PO00970,V014,P004,2025-02-22,2025-03-04,2025-03-11,10,10,271.4,260.0,2714.0,Delivered
PO00971,V014,P006,2025-06-17,2025-06-22,2025-06-24,200,192,2197.72,2100.0,421962.24,Delivered
PO00972,V014,P001,2025-04-07,2025-04-16,2025-04-18,25,25,46.6,45.0,1165.0,Delivered
PO00973,V014,P004,2025-03-25,2025-04-03,2025-04-08,25,23,238.37,260.0,5482.51,Partial
PO00974,V014,P002,2025-05-04,2025-05-10,2025-05-15,25,23,332.84,320.0,7655.32,Partial
PO00975,V014,P004,2025-06-18,2025-06-27,2025-06-27,20,21,280.61,260.0,5892.81,Delivered
PO00976,V014,P002,2025-06-03,2025-06-15,2025-06-16,10,10,339.17,320.0,3391.7,Delivered
PO00977,V014,P015,2025-08-16,2025-08-22,2025-08-22,10,10,223.59,210.0,2235.9,Delivered
PO00978,V014,P001,2025-08-14,2025-08-26,2025-09-02,25,26,47.23,45.0,1227.98,Delivered
PO00979,V014,P004,2025-04-11,2025-04-17,2025-04-21,100,104,268.9,260.0,27965.6,Delivered
PO00980,V014,P002,2025-04-05,2025-04-11,2025-04-18,200,210,335.66,320.0,70488.6,Delivered
PO00981,V014,P002,2025-01-21,2025-02-02,2025-01-31,20,19,357.15,320.0,6785.85,Delivered
PO00982,V014,P001,2025-05-28,2025-06-07,2025-06-11,200,201,47.56,45.0,9559.56,Delivered
PO00983,V014,P004,2025-05-22,2025-06-03,2025-06-01,10,10,272.44,260.0,2724.4,Delivered
PO00984,V015,P011,2025-06-16,2025-06-21,2025-06-19,25,25,8552.08,8500.0,213802.0,Delivered
PO00985,V015,P010,2025-04-25,2025-05-01,2025-05-03,50,48,36791.8,38000.0,1766006.4,Delivered
PO00986,V015,P010,2025-08-27,2025-08-29,2025-08-30,10,10,39934.37,38000.0,399343.7,Delivered
PO00987,V015,P011,2025-09-26,2025-10-01,2025-09-29,20,20,8289.06,8500.0,165781.2,Delivered
PO00988,V015,P010,2025-03-20,2025-03-23,,25,26,42889.01,38000.0,1115114.26,Delivered
PO00989,V015,P008,2025-06-07,2025-06-13,2025-06-11,100,92,436.69,410.0,40175.48,Partial
PO00990,V015,P009,2025-05-26,2025-05-29,2025-05-26,10,10,44641.14,42000.0,446411.4,Delivered
PO00991,V015,P005,2025-06-24,2025-06-30,2025-06-28,100,105,1265.39,1200.0,132865.95,Delivered
PO00992,V015,P010,2025-08-15,2025-08-17,2025-08-16,50,48,40395.44,38000.0,1938981.12,Delivered
PO00993,V015,P012,2025-08-03,2025-08-09,2025-08-09,200,177,695.22,650.0,123053.94,Partial
PO00994,V015,P012,2025-04-22,2025-04-25,2025-04-22,500,501,641.73,650.0,321506.73,Delivered
PO00995,V015,P002,2025-07-01,2025-07-04,2025-07-05,50,45,349.69,320.0,15736.05,Partial
PO00996,V015,P011,2025-01-20,2025-01-23,2025-01-23,25,23,8501.23,8500.0,195528.29,Partial
PO00997,V015,P007,2025-03-19,2025-03-23,2025-03-25,10,10,865.67,780.0,8656.7,Delivered
PO00998,V015,P010,2025-09-19,2025-09-25,2025-09-24,500,510,39611.27,38000.0,20201747.7,Delivered
PO00999,V015,P011,2025-06-10,2025-06-16,2025-06-15,100,88,8330.77,8500.0,733107.76,Partial
PO01000,V015,P009,2025-05-27,2025-05-29,2025-05-29,20,21,43614.93,42000.0,915913.53,Delivered
PO01001,V015,P011,2025-01-14,2025-01-19,2025-01-19,50,49,9000.2,8500.0,441009.8,Delivered
PO01002,V015,P012,2025-09-13,2025-09-16,2025-09-16,20,19,622.36,650.0,11824.84,Delivered
PO01003,V015,P009,2025-03-18,2025-03-22,2025-03-23,500,469,39108.67,42000.0,18341966.23,Partial
PO01004,V015,P012,2025-01-22,2025-01-24,2025-01-23,20,21,634.67,650.0,13328.07,Delivered
PO01005,V015,P006,2025-06-24,2025-06-29,2025-06-29,200,182,2240.29,2100.0,407732.78,Partial
PO01006,V015,P010,2025-05-26,2025-05-31,2025-06-02,50,51,40060.86,38000.0,2043103.86,Delivered
PO01007,V015,P010,2025-01-17,2025-01-22,2025-01-20,20,20,39217.9,38000.0,784358.0,Delivered
PO01008,V015,P011,2025-02-14,2025-02-20,2025-02-22,20,19,9032.71,8500.0,171621.49,Delivered
PO01009,V015,P009,2025-08-23,2025-08-28,2025-08-30,100,98,43245.23,42000.0,4238032.54,Delivered
PO01010,V015,P011,2025-04-16,2025-04-18,2025-04-18,20,17,8427.55,8500.0,143268.35,Partial
PO01011,V015,P010,2025-03-24,2025-03-28,2025-03-29,100,100,40407.27,38000.0,4040727.0,Delivered
PO01012,V015,P012,2025-04-20,2025-04-25,2025-04-25,100,90,598.47,650.0,53862.3,Partial
PO01013,V015,P009,2025-02-26,2025-03-04,2025-03-04,500,475,42380.72,42000.0,20130842.0,Delivered
PO01014,V015,P011,2025-02-01,2025-02-07,2025-02-06,25,24,8445.24,8500.0,202685.76,Delivered
PO01015,V015,P010,2025-01-14,2025-01-18,2025-01-19,200,202,38157.97,38000.0,7707909.94,Delivered
PO01016,V015,P010,2025-05-20,2025-05-26,2025-05-25,50,52,39599.61,38000.0,2059179.72,Delivered
PO01017,V015,P010,2025-01-19,2025-01-21,2025-01-21,100,85,40826.57,38000.0,3470258.45,Partial
PO01018,V015,P012,2025-06-01,2025-06-03,2025-06-04,500,489,685.76,650.0,335336.64,Delivered
PO01019,V015,P012,2025-06-26,2025-06-29,2025-06-30,10,10,697.1,650.0,6971.0,Delivered
PO01020,V015,P010,2025-04-24,2025-04-27,2025-04-27,25,25,40434.9,38000.0,1010872.5,Delivered
PO01021,V015,P012,2025-07-26,2025-07-29,2025-07-29,500,450,661.3,650.0,297585.0,Partial
PO01022,V015,P009,2025-08-02,2025-08-04,2025-08-03,500,519,44277.35,42000.0,22979944.65,Delivered
PO01023,V015,P004,2025-06-16,2025-06-21,2025-06-20,50,46,250.48,260.0,11522.08,Partial
PO01024,V015,P011,2025-05-24,2025-05-27,2025-05-26,25,24,8780.13,8500.0,210723.12,Delivered
PO01025,V015,P011,2025-04-25,2025-04-27,2025-04-26,50,49,8421.11,8500.0,412634.39,Delivered
PO01026,V015,P009,2025-05-10,2025-05-16,2025-05-16,200,210,42645.65,42000.0,8955586.5,Delivered
PO01027,V015,P009,2025-01-13,2025-01-16,2025-01-14,500,499,44525.05,42000.0,22217999.95,Delivered
PO01028,V015,P010,2025-04-15,2025-04-19,2025-04-18,200,210,41806.14,38000.0,8779289.4,Delivered
PO01029,V015,P016,2025-03-12,2025-03-17,2025-03-16,25,26,465.21,480.0,12095.46,Delivered
PO01030,V015,P011,2025-05-26,2025-06-01,2025-06-02,200,210,9203.22,8500.0,1932676.2,Delivered
PO01031,V015,P009,2025-09-08,2025-09-14,2025-09-14,200,192,44433.46,42000.0,8531224.32,Delivered
PO01032,V015,P011,2025-08-23,2025-08-27,2025-08-27,500,466,7826.8,8500.0,3647288.8,Partial
PO01033,V015,P010,2025-04-03,2025-04-05,2025-04-03,25,25,40110.99,38000.0,1002774.75,Delivered
PO01034,V015,P010,2025-06-08,2025-06-12,2025-06-13,100,85,37123.41,38000.0,3155489.85,Partial
PO01035,V015,P011,2025-09-03,2025-09-09,2025-09-09,10,9,8294.91,8500.0,74654.19,Partial
PO01036,V015,P015,2025-03-23,2025-03-25,2025-03-26,500,508,206.16,210.0,104729.28,Delivered
PO01037,V015,P009,2025-04-21,2025-04-24,2025-04-23,25,26,43863.98,42000.0,1140463.48,Delivered
PO01038,V015,P011,2025-07-10,2025-07-12,2025-07-12,200,201,9072.39,8500.0,1823550.39,Delivered
PO01039,V015,P003,2025-08-22,2025-08-26,2025-08-27,25,23,179.4,180.0,4126.2,Partial
PO01040,V015,P009,2025-03-25,2025-03-30,2025-03-29,500,442,40917.83,42000.0,18085680.86,Partial
PO01041,V015,P012,2025-01-09,2025-01-11,2025-01-11,50,47,592.39,650.0,27842.33,Partial
PO01042,V015,P012,2025-09-06,2025-09-08,2025-09-11,20,18,646.87,650.0,11643.66,Partial
PO01043,V015,P011,2025-05-20,2025-05-25,2025-05-25,10,10,8553.28,8500.0,85532.8,Delivered
PO01044,V015,P009,2025-03-03,2025-03-07,2025-03-08,20,21,44685.82,42000.0,938402.22,Delivered
PO01045,V015,P010,2025-01-21,2025-01-23,2025-01-25,200,192,37886.27,38000.0,7274163.84,Delivered
PO01046,V015,P015,2025-03-11,2025-03-17,2025-03-15,500,465,203.5,210.0,94627.5,Partial
PO01047,V015,P009,2025-04-16,2025-04-21,2025-04-22,10,10,40211.63,42000.0,402116.3,Delivered
PO01048,V015,P003,2025-03-13,2025-03-18,2025-03-19,25,24,185.36,180.0,4448.64,Delivered
PO01049,V015,P012,2025-09-11,2025-09-16,2025-09-16,10,10,660.48,650.0,6604.8,Delivered
PO01050,V015,P012,2025-04-12,2025-04-16,2025-04-16,500,504,612.02,650.0,308458.08,Delivered
PO01051,V015,P012,2025-08-25,2025-08-28,2025-08-30,50,43,680.81,650.0,29274.83,Partial
PO01052,V015,P012,2025-06-22,2025-06-27,2025-06-28,25,23,632.52,650.0,14547.96,Partial
PO01053,V015,P010,2025-08-16,2025-08-21,2025-08-22,20,18,39146.52,38000.0,704637.36,Partial
PO01054,V015,P011,2025-04-01,2025-04-07,2025-04-08,10,9,7785.13,8500.0,70066.17,Partial
PO01055,V015,P011,2025-02-26,2025-03-02,2025-03-02,10,10,8089.46,8500.0,80894.6,Delivered
PO01056,V015,P010,2025-01-02,2025-01-06,2025-01-06,20,19,34934.18,38000.0,663749.42,Delivered
PO01057,V015,P009,2025-01-26,2025-02-01,2025-02-03,20,21,40832.31,42000.0,857478.51,Delivered
PO01058,V015,P012,2025-06-24,2025-06-26,2025-06-26,50,52,619.66,650.0,32222.32,Delivered
PO01059,V015,P010,2025-01-21,2025-01-27,2025-01-29,200,201,40013.67,38000.0,8042747.67,Delivered
PO01060,V015,P011,2025-02-05,2025-02-07,2025-02-07,50,47,9141.8,8500.0,429664.6,Partial
PO01061,V015,P009,2025-04-20,2025-04-26,2025-04-28,10,10,42226.1,42000.0,422261.0,Delivered
PO01062,V015,P011,2025-06-16,2025-06-22,2025-06-21,50,42,8002.15,8500.0,336090.3,Partial
PO01063,V015,P011,2025-08-11,2025-08-16,2025-08-14,100,96,8337.4,8500.0,800390.4,Delivered
PO01064,V015,P012,2025-07-18,2025-07-21,2025-07-19,25,25,699.35,650.0,17483.75,Delivered
PO01065,V015,P010,2025-08-03,2025-08-06,2025-08-08,25,26,40768.64,38000.0,1059984.64,Delivered
PO01066,V015,P010,2025-09-18,2025-09-21,2025-09-22,500,469,41678.52,38000.0,19547225.88,Partial
PO01067,V015,P010,2025-01-28,2025-02-02,2025-01-31,10,9,38982.54,38000.0,350842.86,Partial
PO01068,V015,P011,2025-02-01,2025-02-03,2025-02-05,500,512,8086.87,8500.0,4140477.44,Delivered
PO01069,V015,P006,2025-06-26,2025-06-29,2025-06-26,25,24,2273.72,2100.0,54569.28,Delivered
PO01070,V015,P010,2025-05-17,2025-05-20,2025-05-17,10,10,40667.36,38000.0,406673.6,Delivered
PO01071,V015,P011,2025-08-20,2025-08-25,2025-08-26,25,22,8207.42,8500.0,180563.24,Partial
PO01072,V015,P012,2025-05-14,2025-05-17,2025-05-18,10,10,660.54,650.0,6605.4,Delivered
PO01073,V015,P009,2025-01-20,2025-01-26,2025-01-24,200,207,43359.4,42000.0,8975395.8,Delivered
PO01074,V015,P009,2025-08-07,2025-08-10,2025-08-12,200,190,42886.67,42000.0,8148467.3,Delivered
PO01075,V015,P012,2025-02-28,2025-03-05,2025-03-06,200,210,700.81,650.0,147170.1,Delivered
PO01076,V015,P011,2025-09-02,2025-09-06,2025-09-04,25,24,7899.47,8500.0,189587.28,Delivered
PO01077,V015,P009,2025-05-11,2025-05-16,2025-05-16,10,10,47264.51,42000.0,472645.1,Delivered
PO01078,V015,P009,2025-01-18,2025-01-20,2025-01-20,10,10,44083.89,42000.0,440838.9,Delivered
PO01079,V015,P010,2025-02-08,2025-02-14,2025-02-15,200,207,39740.67,38000.0,8226318.69,Delivered
PO01080,V015,P004,2025-02-22,2025-02-25,2025-02-24,10,10,282.96,260.0,2829.6,Delivered
PO01081,V015,P010,2025-07-08,2025-07-11,2025-07-12,50,51,40168.04,38000.0,2048570.04,Delivered
PO01082,V016,P008,2025-07-19,2025-08-04,2025-08-02,50,45,412.31,410.0,18553.95,Partial
PO01083,V016,P005,2025-01-06,2025-01-16,2025-01-17,200,195,1343.33,1200.0,261949.35,Delivered
PO01084,V016,P011,2025-08-12,2025-08-19,2025-08-19,200,207,7930.68,8500.0,1641650.76,Delivered
PO01085,V016,P006,2025-02-19,2025-03-05,2025-03-09,50,47,2207.83,2100.0,103768.01,Partial
PO01086,V016,P005,2025-09-14,2025-09-30,2025-09-28,20,21,1188.22,1200.0,24952.62,Delivered
PO01087,V016,P005,2025-09-26,2025-10-11,2025-10-12,500,468,1212.72,1200.0,567552.96,Partial
PO01088,V016,P005,2025-05-08,2025-05-18,2025-05-20,100,98,1190.05,1200.0,116624.9,Delivered
PO01089,V016,P004,2025-05-16,2025-05-29,2025-05-27,200,196,274.46,260.0,53794.16,Delivered
PO01090,V016,P006,2025-05-28,2025-06-07,2025-06-08,100,92,2158.87,2100.0,198616.04,Partial
PO01091,V016,P004,2025-09-05,2025-09-12,2025-09-12,50,48,287.14,260.0,13782.72,Delivered
PO01092,V016,P004,2025-02-24,2025-03-09,2025-03-12,50,49,274.55,260.0,13452.95,Delivered
PO01093,V016,P009,2025-05-26,2025-06-05,2025-06-05,10,9,44202.65,42000.0,397823.85,Partial
PO01094,V016,P010,2025-01-18,2025-01-30,2025-01-30,25,24,39672.64,38000.0,952143.36,Delivered
PO01095,V016,P006,2025-09-08,2025-09-25,2025-09-24,25,26,2216.29,2100.0,57623.54,Delivered
PO01096,V016,P005,2025-01-06,2025-01-20,2025-01-20,500,525,1342.02,1200.0,704560.5,Delivered
PO01097,V016,P010,2025-06-05,2025-06-17,2025-06-15,200,187,36752.66,38000.0,6872747.42,Partial
PO01098,V016,P008,2025-02-15,2025-03-05,2025-02-28,25,26,427.55,410.0,11116.3,Delivered
PO01099,V016,P006,2025-08-17,2025-09-02,2025-09-03,100,98,2292.82,2100.0,224696.36,Delivered
PO01100,V016,P015,2025-03-19,2025-03-26,2025-03-26,100,95,220.87,210.0,20982.65,Delivered
PO01101,V016,P007,2025-08-22,2025-09-03,2025-09-02,50,52,805.15,780.0,41867.8,Delivered
PO01102,V016,P008,2025-06-20,2025-07-05,2025-07-08,200,203,454.76,410.0,92316.28,Delivered
PO01103,V016,P008,2025-09-03,2025-09-13,2025-09-12,100,99,420.04,410.0,41583.96,Delivered
PO01104,V016,P006,2025-01-04,2025-01-22,2025-01-24,500,472,2143.89,2100.0,1011916.08,Partial
PO01105,V016,P007,2025-03-08,2025-03-15,2025-03-13,10,9,811.67,780.0,7305.03,Partial
PO01106,V016,P006,2025-03-12,2025-03-30,2025-03-27,100,105,2232.58,2100.0,234420.9,Delivered
PO01107,V016,P008,2025-07-22,2025-08-03,2025-08-01,500,445,392.16,410.0,174511.2,Partial
PO01108,V016,P014,2025-09-22,2025-09-30,2025-10-01,10,10,333.83,320.0,3338.3,Delivered
PO01109,V016,P014,2025-06-13,2025-06-22,2025-06-21,25,25,332.75,320.0,8318.75,Delivered
PO01110,V016,P007,2025-01-04,2025-01-14,2025-01-13,100,105,771.43,780.0,81000.15,Delivered
PO01111,V016,P005,2025-08-21,2025-09-02,2025-09-05,50,46,1256.4,1200.0,57794.4,Partial
PO01112,V016,P007,2025-08-15,2025-08-23,2025-08-23,10,9,791.32,780.0,7121.88,Partial
PO01113,V016,P006,2025-08-28,2025-09-13,2025-09-16,25,22,2316.89,2100.0,50971.58,Partial
PO01114,V016,P006,2025-09-21,2025-10-08,2025-10-07,200,208,2168.07,2100.0,450958.56,Delivered
PO01115,V016,P015,2025-05-17,2025-06-02,2025-05-31,20,20,205.99,210.0,4119.8,Delivered
PO01116,V016,P007,2025-06-26,2025-07-08,2025-07-08,25,26,820.24,780.0,21326.24,Delivered
PO01117,V016,P010,2025-02-25,2025-03-11,2025-03-11,20,21,39999.36,38000.0,839986.56,Delivered
PO01118,V016,P013,2025-08-20,2025-08-29,2025-08-30,500,482,832.1,850.0,401072.2,Delivered
PO01119,V016,P006,2025-04-23,2025-05-01,2025-05-03,10,10,2102.12,2100.0,21021.2,Delivered
PO01120,V016,P007,2025-02-11,2025-02-20,2025-02-21,20,17,782.49,780.0,13302.33,Partial
PO01121,V016,P008,2025-01-18,2025-01-30,2025-01-31,50,52,400.88,410.0,20845.76,Delivered
PO01122,V016,P002,2025-03-18,2025-03-25,2025-03-26,50,47,318.44,320.0,14966.68,Partial
PO01123,V016,P016,2025-02-16,2025-02-23,2025-02-23,200,169,498.3,480.0,84212.7,Partial
PO01124,V016,P009,2025-01-18,2025-01-29,2025-01-31,500,484,43675.93,42000.0,21139150.12,Delivered
PO01125,V016,P005,2025-04-19,2025-05-07,2025-05-07,10,10,1263.01,1200.0,12630.1,Delivered
PO01126,V016,P008,2025-01-24,2025-02-08,2025-02-07,10,9,422.65,410.0,3803.85,Partial
PO01127,V016,P007,2025-04-10,2025-04-22,2025-04-21,10,9,813.87,780.0,7324.83,Partial
PO01128,V016,P005,2025-05-11,2025-05-22,2025-05-22,20,21,1191.3,1200.0,25017.3,Delivered
PO01129,V016,P006,2025-01-01,2025-01-14,2025-01-13,20,19,2131.67,2100.0,40501.73,Delivered
PO01130,V017,P002,2025-02-16,2025-02-21,2025-02-22,50,49,346.57,320.0,16981.93,Delivered
PO01131,V017,P002,2025-02-05,2025-02-15,2025-02-14,10,10,319.36,320.0,3193.6,Delivered
PO01132,V017,P002,2025-01-10,2025-01-22,2025-01-21,10,10,325.87,320.0,3258.7,Delivered
PO01133,V017,P001,2025-08-07,2025-08-18,2025-08-19,25,26,48.86,45.0,1270.36,Delivered
PO01134,V017,P013,2025-08-06,2025-08-17,2025-08-15,100,104,801.86,850.0,83393.44,Delivered
PO01135,V017,P003,2025-01-03,2025-01-15,2025-01-12,25,23,191.46,180.0,4403.58,Partial
PO01136,V017,P001,2025-01-03,2025-01-14,2025-01-16,50,52,48.02,45.0,2497.04,Delivered
PO01137,V017,P010,2025-02-21,2025-02-28,2025-03-01,200,195,38955.16,38000.0,7596256.2,Delivered
PO01138,V017,P002,2025-08-19,2025-08-27,2025-08-24,25,24,344.46,320.0,8267.04,Delivered
PO01139,V017,P003,2025-02-18,2025-02-27,2025-02-28,200,186,195.63,180.0,36387.18,Partial
PO01140,V017,P002,2025-01-15,2025-01-22,2025-01-21,200,198,340.14,320.0,67347.72,Delivered
PO01141,V017,P004,2025-08-27,2025-09-05,2025-09-04,50,48,274.95,260.0,13197.6,Delivered
PO01142,V017,P004,2025-04-23,2025-04-29,2025-04-26,50,51,269.68,260.0,13753.68,Delivered
PO01143,V017,P004,2025-04-03,2025-04-15,2025-04-16,500,493,265.4,260.0,130842.2,Delivered
PO01144,V017,P001,2025-02-09,2025-02-15,2025-02-13,200,192,44.41,45.0,8526.72,Delivered
PO01145,V017,P004,2025-05-19,2025-05-26,2025-05-27,20,20,276.92,260.0,5538.4,Delivered
PO01146,V017,P002,2025-04-11,2025-04-21,2025-04-24,25,23,311.28,320.0,7159.44,Partial
PO01147,V017,P001,2025-05-12,2025-05-17,2025-05-17,100,86,45.39,45.0,3903.54,Partial
PO01148,V017,P015,2025-01-21,2025-01-29,2025-01-27,20,19,192.64,210.0,3660.16,Delivered
PO01149,V017,P002,2025-05-25,2025-06-04,2025-06-02,500,477,344.79,320.0,164464.83,Delivered
PO01150,V017,P002,2025-02-28,2025-03-09,2025-03-08,200,196,309.92,320.0,60744.32,Delivered
PO01151,V017,P004,2025-03-12,2025-03-22,2025-03-23,10,9,264.66,260.0,2381.94,Partial
PO01152,V017,P003,2025-04-05,2025-04-17,2025-04-17,20,19,170.1,180.0,3231.9,Delivered
PO01153,V017,P004,2025-06-04,2025-06-12,2025-06-14,500,493,258.28,260.0,127332.04,Delivered
PO01154,V017,P004,2025-03-18,2025-03-24,2025-03-25,10,10,258.7,260.0,2587.0,Delivered
PO01155,V017,P014,2025-02-04,2025-02-16,2025-02-14,200,168,323.26,320.0,54307.68,Partial
PO01156,V017,P004,2025-05-12,2025-05-22,2025-05-20,25,25,282.47,260.0,7061.75,Delivered
PO01157,V017,P003,2025-08-01,2025-08-09,2025-08-10,20,21,185.36,180.0,3892.56,Delivered
PO01158,V017,P001,2025-09-23,2025-10-01,2025-10-01,50,51,47.6,45.0,2427.6,Delivered
PO01159,V017,P006,2025-07-23,2025-07-29,2025-07-29,500,476,2012.95,2100.0,958164.2,Delivered
PO01160,V017,P003,2025-01-14,2025-01-19,2025-01-19,100,100,178.01,180.0,17801.0,Delivered
PO01161,V017,P002,2025-06-19,2025-06-28,2025-06-28,25,24,315.24,320.0,7565.76,Delivered
PO01162,V017,P002,2025-05-22,2025-05-28,2025-05-29,100,99,369.77,320.0,36607.23,Delivered
PO01163,V017,P003,2025-04-07,2025-04-12,2025-04-09,500,480,189.14,180.0,90787.2,Delivered
PO01164,V017,P005,2025-04-24,2025-05-04,2025-05-06,500,425,1271.82,1200.0,540523.5,Partial
PO01165,V017,P009,2025-03-17,2025-03-25,2025-03-26,10,10,41515.79,42000.0,415157.9,Delivered
PO01166,V017,P005,2025-09-04,2025-09-12,2025-09-11,25,24,1210.33,1200.0,29047.92,Delivered
PO01167,V017,P001,2025-05-06,2025-05-11,2025-05-10,20,19,48.18,45.0,915.42,Delivered
PO01168,V017,P012,2025-04-17,2025-04-27,2025-04-26,20,18,684.48,650.0,12320.64,Partial
PO01169,V017,P004,2025-03-15,2025-03-22,2025-03-24,50,47,269.05,260.0,12645.35,Partial
PO01170,V017,P004,2025-05-14,2025-05-25,2025-05-25,10,10,272.7,260.0,2727.0,Delivered
PO01171,V017,P002,2025-09-15,2025-09-27,2025-09-25,200,199,320.03,320.0,63685.97,Delivered
PO01172,V017,P003,2025-02-10,2025-02-16,2025-02-17,10,10,192.39,180.0,1923.9,Delivered
PO01173,V017,P002,2025-06-13,2025-06-22,2025-06-21,20,21,317.79,320.0,6673.59,Delivered
PO01174,V017,P003,2025-04-18,2025-04-26,2025-04-27,500,509,181.86,180.0,92566.74,Delivered
PO01175,V017,P004,2025-01-26,2025-02-02,2025-02-01,50,47,261.69,260.0,12299.43,Partial
PO01176,V017,P002,2025-09-22,2025-09-28,2025-09-27,50,50,299.51,320.0,14975.5,Delivered
PO01177,V017,P004,2025-06-13,2025-06-20,2025-06-23,20,21,278.02,260.0,5838.42,Delivered
PO01178,V017,P001,2025-06-11,2025-06-17,2025-06-17,200,210,44.44,45.0,9332.4,Delivered
PO01179,V017,P003,2025-08-16,2025-08-25,2025-08-25,50,46,180.83,180.0,8318.18,Partial
PO01180,V017,P001,2025-02-12,2025-02-23,2025-02-23,25,21,47.58,45.0,999.18,Partial
PO01181,V017,P016,2025-08-05,2025-08-11,2025-08-13,50,47,500.28,480.0,23513.16,Partial
PO01182,V017,P003,2025-05-08,2025-05-13,2025-05-12,10,10,182.8,180.0,1828.0,Delivered
PO01183,V017,P002,2025-08-27,2025-09-03,2025-09-03,200,184,304.6,320.0,56046.4,Partial
PO01184,V017,P004,2025-06-11,2025-06-17,2025-06-19,200,182,267.37,260.0,48661.34,Partial
PO01185,V017,P004,2025-01-25,2025-02-06,2025-02-07,200,197,252.04,260.0,49651.88,Delivered
PO01186,V017,P004,2025-04-16,2025-04-26,2025-04-25,100,89,271.11,260.0,24128.79,Partial
PO01187,V017,P014,2025-06-01,2025-06-12,2025-06-13,50,52,319.89,320.0,16634.28,Delivered
PO01188,V017,P001,2025-04-11,2025-04-23,2025-04-24,20,18,46.21,45.0,831.78,Partial
PO01189,V017,P001,2025-05-18,2025-05-25,2025-05-23,20,21,48.08,45.0,1009.68,Delivered
PO01190,V017,P003,2025-09-10,2025-09-16,2025-09-15,50,52,180.14,180.0,9367.28,Delivered
PO01191,V017,P002,2025-06-22,2025-07-04,2025-07-04,500,485,331.79,320.0,160918.15,Delivered
PO01192,V017,P002,2025-09-06,2025-09-15,2025-09-10,50,48,343.59,320.0,16492.32,Delivered
PO01193,V017,P003,2025-02-20,2025-03-02,2025-02-28,100,93,175.65,180.0,16335.45,Partial
PO01194,V017,P004,2025-01-02,2025-01-12,2025-01-15,100,101,259.68,260.0,26227.68,Delivered
PO01195,V017,P001,2025-07-01,2025-07-12,2025-07-14,25,26,45.14,45.0,1173.64,Delivered
PO01196,V017,P001,2025-03-12,2025-03-20,2025-03-21,200,190,50.34,45.0,9564.6,Delivered
PO01197,V017,P003,2025-06-10,2025-06-19,2025-06-17,20,21,183.57,180.0,3854.97,Delivered
PO01198,V017,P002,2025-03-01,2025-03-13,2025-03-15,100,105,319.92,320.0,33591.6,Delivered
PO01199,V017,P012,2025-03-17,2025-03-22,2025-03-21,100,95,683.95,650.0,64975.25,Delivered
PO01200,V017,P012,2025-03-01,2025-03-12,2025-03-12,10,10,677.92,650.0,6779.2,Delivered
PO01201,V017,P001,2025-08-26,2025-09-05,2025-09-03,500,481,46.32,45.0,22279.92,Delivered
PO01202,V017,P004,2025-01-25,2025-02-03,2025-02-03,20,20,295.55,260.0,5911.0,Delivered
PO01203,V017,P004,2025-01-16,2025-01-24,2025-01-25,10,10,277.56,260.0,2775.6,Delivered
PO01204,V017,P006,2025-04-10,2025-04-18,2025-04-18,10,10,2130.08,2100.0,21300.8,Delivered
PO01205,V017,P008,2025-02-23,2025-03-05,2025-03-02,100,92,445.77,410.0,41010.84,Partial
PO01206,V017,P003,2025-05-26,2025-06-03,2025-06-02,200,198,160.36,180.0,31751.28,Delivered
PO01207,V017,P001,2025-06-27,2025-07-08,2025-07-05,25,23,48.43,45.0,1113.89,Partial
PO01208,V017,P004,2025-05-07,2025-05-19,2025-05-22,20,19,264.11,260.0,5018.09,Delivered
PO01209,V017,P003,2025-06-01,2025-06-08,2025-06-07,20,20,181.95,180.0,3639.0,Delivered
PO01210,V017,P001,2025-04-22,2025-05-01,2025-05-01,500,516,47.05,45.0,24277.8,Delivered
PO01211,V017,P014,2025-07-20,2025-07-25,2025-07-26,25,23,347.75,320.0,7998.25,Partial
PO01212,V017,P004,2025-03-15,2025-03-24,2025-03-23,50,52,265.65,260.0,13813.8,Delivered
PO01213,V017,P009,2025-02-11,2025-02-19,2025-02-18,25,26,44256.86,42000.0,1150678.36,Delivered
PO01214,V017,P004,2025-05-27,2025-06-05,2025-06-04,20,18,281.28,260.0,5063.04,Partial
PO01215,V017,P002,2025-07-13,2025-07-21,2025-07-22,500,486,326.87,320.0,158858.82,Delivered
PO01216,V017,P001,2025-01-27,2025-02-07,2025-02-06,10,9,44.69,45.0,402.21,Partial
PO01217,V017,P002,2025-05-07,2025-05-12,2025-05-08,200,188,309.09,320.0,58108.92,Partial
PO01218,V018,P009,2025-03-18,2025-03-20,2025-03-21,10,10,45622.15,42000.0,456221.5,Delivered
PO01219,V018,P009,2025-01-28,2025-02-01,2025-01-31,50,51,46655.06,42000.0,2379408.06,Delivered
PO01220,V018,P011,2025-09-12,2025-09-14,2025-09-14,500,524,8571.28,8500.0,4491350.72,Delivered
PO01221,V018,P009,2025-04-05,2025-04-11,2025-04-09,500,495,40361.51,42000.0,19978947.45,Delivered
PO01222,V018,P007,2025-03-19,2025-03-25,2025-03-25,20,21,819.1,780.0,17201.1,Delivered
PO01223,V018,P010,2025-01-20,2025-01-24,2025-01-22,200,200,34794.25,38000.0,6958850.0,Delivered
PO01224,V018,P013,2025-09-13,2025-09-16,2025-09-16,10,9,831.85,850.0,7486.65,Partial
PO01225,V018,P009,2025-08-06,2025-08-10,2025-08-09,500,518,43914.64,42000.0,22747783.52,Delivered
PO01226,V018,P011,2025-04-19,2025-04-25,2025-04-24,25,24,8855.28,8500.0,212526.72,Delivered
PO01227,V018,P011,2025-04-18,2025-04-21,2025-04-25,25,24,9043.08,8500.0,217033.92,Delivered
PO01228,V018,P009,2025-06-16,2025-06-20,2025-06-20,10,10,38706.63,42000.0,387066.3,Delivered
PO01229,V018,P009,2025-07-27,2025-07-29,2025-07-28,50,49,45385.09,42000.0,2223869.41,Delivered
PO01230,V018,P011,2025-07-10,2025-07-14,2025-07-13,500,525,9163.51,8500.0,4810842.75,Delivered
PO01231,V018,P010,2025-05-15,2025-05-20,2025-05-18,500,497,35598.7,38000.0,17692553.9,Delivered
PO01232,V018,P010,2025-02-25,2025-02-28,2025-02-26,25,25,38862.4,38000.0,971560.0,Delivered
PO01233,V018,P002,2025-08-26,2025-08-31,2025-09-02,500,490,336.52,320.0,164894.8,Delivered
PO01234,V018,P014,2025-04-25,2025-04-30,2025-05-02,200,199,307.42,320.0,61176.58,Delivered
PO01235,V018,P003,2025-01-14,2025-01-16,2025-01-18,100,86,195.16,180.0,16783.76,Partial
PO01236,V018,P009,2025-02-03,2025-02-09,2025-02-10,10,9,41180.48,42000.0,370624.32,Partial
PO01237,V018,P009,2025-07-25,2025-07-28,2025-07-28,20,20,40097.93,42000.0,801958.6,Delivered
PO01238,V018,P011,2025-01-01,2025-01-05,2025-01-07,10,9,8372.93,8500.0,75356.37,Partial
PO01239,V018,P011,2025-08-06,2025-08-09,2025-08-10,50,46,8580.63,8500.0,394708.98,Partial
PO01240,V018,P012,2025-04-16,2025-04-19,2025-04-18,100,91,640.76,650.0,58309.16,Partial
PO01241,V018,P011,2025-04-27,2025-05-01,2025-04-30,25,23,8795.17,8500.0,202288.91,Partial
PO01242,V018,P010,2025-04-06,2025-04-11,2025-04-12,100,100,43707.9,38000.0,4370790.0,Delivered
PO01243,V018,P012,2025-02-21,2025-02-24,2025-02-24,25,25,675.81,650.0,16895.25,Delivered
PO01244,V018,P014,2025-05-23,2025-05-25,2025-05-26,100,91,329.14,320.0,29951.74,Partial
PO01245,V018,P010,2025-01-09,2025-01-13,2025-01-11,10,10,37248.69,38000.0,372486.9,Delivered
PO01246,V018,P012,2025-05-23,2025-05-28,2025-05-29,200,187,705.85,650.0,131993.95,Partial
PO01247,V018,P011,2025-07-07,2025-07-11,2025-07-14,50,49,8692.22,8500.0,425918.78,Delivered
PO01248,V018,P012,2025-03-05,2025-03-08,2025-03-07,200,188,679.8,650.0,127802.4,Partial
PO01249,V018,P012,2025-03-22,2025-03-25,2025-03-25,10,10,699.13,650.0,6991.3,Delivered
PO01250,V018,P001,2025-04-10,2025-04-13,2025-04-14,100,101,46.12,45.0,4658.12,Delivered
PO01251,V018,P010,2025-01-22,2025-01-24,2025-01-26,500,451,39568.42,38000.0,17845357.42,Partial
PO01252,V018,P001,2025-06-11,2025-06-16,2025-06-17,200,205,44.94,45.0,9212.7,Delivered
PO01253,V018,P009,2025-04-14,2025-04-18,2025-04-17,10,9,43808.86,42000.0,394279.74,Partial
PO01254,V018,P011,2025-04-02,2025-04-05,2025-04-07,200,196,8526.24,8500.0,1671143.04,Delivered
PO01255,V018,P011,2025-05-26,2025-05-28,2025-05-27,100,93,8780.57,8500.0,816593.01,Partial
PO01256,V018,P009,2025-02-13,2025-02-18,2025-02-20,10,9,44066.15,42000.0,396595.35,Partial
PO01257,V018,P009,2025-08-19,2025-08-22,2025-08-23,20,18,41670.89,42000.0,750076.02,Partial
PO01258,V018,P011,2025-01-03,2025-01-09,2025-01-07,10,10,8932.05,8500.0,89320.5,Delivered
PO01259,V018,P012,2025-02-11,2025-02-14,2025-02-15,200,200,689.0,650.0,137800.0,Delivered
PO01260,V018,P006,2025-03-12,2025-03-16,2025-03-16,100,88,2102.02,2100.0,184977.76,Partial
PO01261,V018,P009,2025-06-11,2025-06-14,2025-06-16,500,501,41082.81,42000.0,20582487.81,Delivered
PO01262,V018,P012,2025-02-05,2025-02-10,2025-02-11,10,10,678.12,650.0,6781.2,Delivered
PO01263,V018,P012,2025-07-08,2025-07-13,2025-07-13,50,52,673.59,650.0,35026.68,Delivered
PO01264,V018,P009,2025-09-14,2025-09-19,2025-09-22,200,200,42193.13,42000.0,8438626.0,Delivered
PO01265,V018,P009,2025-04-18,2025-04-23,2025-04-23,500,525,42778.63,42000.0,22458780.75,Delivered
PO01266,V018,P009,2025-04-05,2025-04-07,2025-04-06,20,20,44829.61,42000.0,896592.2,Delivered
PO01267,V018,P009,2025-07-27,2025-08-02,2025-07-31,100,100,44544.77,42000.0,4454477.0,Delivered
PO01268,V018,P011,2025-01-07,2025-01-09,2025-01-05,20,21,8226.82,8500.0,172763.22,Delivered
PO01269,V018,P009,2025-01-25,2025-01-27,2025-01-28,200,200,40887.14,42000.0,8177428.0,Delivered
PO01270,V018,P009,2025-06-22,2025-06-26,2025-06-26,20,21,44128.27,42000.0,926693.67,Delivered
PO01271,V018,P009,2025-04-01,2025-04-06,2025-04-07,100,95,40937.83,42000.0,3889093.85,Delivered
PO01272,V018,P009,2025-03-22,2025-03-24,2025-03-24,200,210,43290.3,42000.0,9090963.0,Delivered
PO01273,V018,P011,2025-04-26,2025-04-29,2025-04-29,25,23,8597.2,8500.0,197735.6,Partial
PO01274,V019,P010,2025-06-11,2025-06-22,2025-06-21,25,23,37077.14,38000.0,852774.22,Partial
PO01275,V019,P003,2025-05-06,2025-05-12,2025-05-12,20,20,190.19,180.0,3803.8,Delivered
PO01276,V019,P010,2025-07-13,2025-07-20,2025-07-20,50,49,41614.12,38000.0,2039091.88,Delivered
PO01277,V019,P004,2025-04-26,2025-05-03,2025-05-03,10,10,249.99,260.0,2499.9,Delivered
PO01278,V019,P001,2025-06-27,2025-07-09,2025-07-09,50,52,45.18,45.0,2349.36,Delivered
PO01279,V019,P002,2025-05-09,2025-05-15,2025-05-13,500,505,305.2,320.0,154126.0,Delivered
PO01280,V019,P002,2025-07-12,2025-07-23,2025-07-22,100,93,312.83,320.0,29093.19,Partial
PO01281,V019,P014,2025-09-11,2025-09-18,2025-09-18,200,203,331.5,320.0,67294.5,Delivered
PO01282,V019,P002,2025-09-21,2025-10-03,2025-10-05,500,500,344.52,320.0,172260.0,Delivered
PO01283,V019,P002,2025-08-16,2025-08-25,2025-08-27,100,95,322.72,320.0,30658.4,Delivered
PO01284,V019,P003,2025-02-14,2025-02-20,2025-02-21,10,9,173.06,180.0,1557.54,Partial
PO01285,V019,P004,2025-05-17,2025-05-29,2025-05-28,100,89,288.19,260.0,25648.91,Partial
PO01286,V019,P004,2025-07-27,2025-08-02,2025-08-02,10,10,259.03,260.0,2590.3,Delivered
PO01287,V019,P002,2025-05-04,2025-05-11,2025-05-12,500,519,339.87,320.0,176392.53,Delivered
PO01288,V019,P003,2025-06-13,2025-06-22,2025-06-25,200,197,184.15,180.0,36277.55,Delivered
PO01289,V019,P001,2025-02-15,2025-02-24,2025-02-26,20,19,48.55,45.0,922.45,Delivered
PO01290,V019,P001,2025-03-06,2025-03-15,2025-03-14,10,10,46.78,45.0,467.8,Delivered
PO01291,V019,P004,2025-08-14,2025-08-25,2025-08-24,20,19,289.27,260.0,5496.13,Delivered
PO01292,V019,P002,2025-07-21,2025-08-02,2025-08-02,500,467,335.17,320.0,156524.39,Partial
PO01293,V019,P002,2025-05-20,2025-05-29,2025-05-28,20,19,321.46,320.0,6107.74,Delivered
PO01294,V019,P001,2025-06-01,2025-06-09,2025-06-10,20,19,43.94,45.0,834.86,Delivered
PO01295,V019,P004,2025-09-16,2025-09-27,2025-09-27,500,468,280.33,260.0,131194.44,Partial
PO01296,V019,P001,2025-05-26,2025-06-04,2025-06-06,20,21,47.51,45.0,997.71,Delivered
PO01297,V019,P004,2025-03-16,2025-03-23,2025-03-22,200,209,253.61,260.0,53004.49,Delivered
PO01298,V019,P006,2025-06-15,2025-06-20,2025-06-16,100,105,2064.24,2100.0,216745.2,Delivered
PO01299,V019,P004,2025-02-08,2025-02-19,2025-02-18,10,10,261.48,260.0,2614.8,Delivered
PO01300,V019,P001,2025-03-04,2025-03-15,2025-03-15,200,207,51.44,45.0,10648.08,Delivered
PO01301,V019,P001,2025-05-19,2025-05-28,2025-05-24,50,47,43.68,45.0,2052.96,Partial
PO01302,V019,P004,2025-01-16,2025-01-28,2025-01-28,10,10,278.49,260.0,2784.9,Delivered
PO01303,V019,P002,2025-02-17,2025-02-27,2025-02-27,25,24,341.77,320.0,8202.48,Delivered
PO01304,V019,P003,2025-08-21,2025-08-27,2025-08-25,200,205,176.61,180.0,36205.05,Delivered
PO01305,V020,P013,2025-09-12,2025-09-17,2025-09-15,200,198,855.86,850.0,169460.28,Delivered
PO01306,V020,P014,2025-01-07,2025-01-15,2025-01-13,100,101,321.35,320.0,32456.35,Delivered
PO01307,V020,P015,2025-04-22,2025-04-27,2025-04-27,200,204,224.65,210.0,45828.6,Delivered
PO01308,V020,P013,2025-02-23,2025-03-05,2025-03-06,500,507,820.73,850.0,416110.11,Delivered
PO01309,V020,P013,2025-03-28,2025-04-06,2025-04-08,10,9,861.15,850.0,7750.35,Partial
PO01310,V020,P016,2025-03-22,2025-03-27,2025-03-28,50,46,481.8,480.0,22162.8,Partial
PO01311,V020,P016,2025-01-04,2025-01-09,2025-01-10,100,103,473.12,480.0,48731.36,Delivered
PO01312,V020,P005,2025-05-02,2025-05-08,2025-05-08,20,19,1212.15,1200.0,23030.85,Delivered
PO01313,V020,P012,2025-04-06,2025-04-16,2025-04-15,25,24,693.99,650.0,16655.76,Delivered
PO01314,V020,P014,2025-06-14,2025-06-22,2025-06-23,50,49,339.97,320.0,16658.53,Delivered
PO01315,V020,P007,2025-03-09,2025-03-19,2025-03-18,25,25,817.99,780.0,20449.75,Delivered
PO01316,V020,P006,2025-07-05,2025-07-14,2025-07-13,50,45,2052.87,2100.0,92379.15,Partial
PO01317,V020,P013,2025-01-26,2025-02-05,2025-02-02,100,99,894.37,850.0,88542.63,Delivered
PO01318,V020,P008,2025-09-26,2025-10-04,2025-10-02,20,17,414.1,410.0,7039.7,Partial
PO01319,V020,P016,2025-04-21,2025-04-26,2025-04-26,25,24,492.67,480.0,11824.08,Delivered
PO01320,V020,P016,2025-06-23,2025-07-02,2025-07-02,20,17,487.22,480.0,8282.74,Partial
PO01321,V020,P015,2025-06-21,2025-07-01,2025-07-01,50,49,210.94,210.0,10336.06,Delivered
PO01322,V020,P006,2025-03-14,2025-03-24,2025-03-24,25,24,2013.27,2100.0,48318.48,Delivered
PO01323,V020,P015,2025-09-10,2025-09-16,2025-09-15,500,510,227.13,210.0,115836.3,Delivered
PO01324,V020,P014,2025-04-14,2025-04-24,2025-04-25,50,51,331.16,320.0,16889.16,Delivered
PO01325,V020,P016,2025-05-26,2025-06-02,2025-06-01,500,454,496.01,480.0,225188.54,Partial
PO01326,V020,P013,2025-06-17,2025-06-24,2025-06-23,500,484,875.97,850.0,423969.48,Delivered
PO01327,V020,P014,2025-01-01,2025-01-05,2025-01-05,25,24,323.11,320.0,7754.64,Delivered
PO01328,V020,P010,2025-04-13,2025-04-17,2025-04-14,500,454,40622.66,38000.0,18442687.64,Partial
PO01329,V020,P013,2025-06-02,2025-06-11,2025-06-12,500,495,944.64,850.0,467596.8,Delivered
PO01330,V020,P008,2025-05-22,2025-05-29,2025-05-29,200,209,435.21,410.0,90958.89,Delivered
PO01331,V020,P007,2025-08-18,2025-08-22,2025-08-24,100,102,828.56,780.0,84513.12,Delivered
PO01332,V020,P007,2025-09-20,2025-09-29,2025-09-28,100,97,791.69,780.0,76793.93,Delivered
PO01333,V020,P015,2025-04-20,2025-04-30,2025-04-30,50,46,217.8,210.0,10018.8,Partial
PO01334,V020,P014,2025-02-25,2025-03-01,2025-02-26,25,26,362.25,320.0,9418.5,Delivered
PO01335,V020,P014,2025-03-13,2025-03-18,2025-03-18,100,105,327.36,320.0,34372.8,Delivered
PO01336,V020,P013,2025-03-18,2025-03-22,2025-03-22,500,491,883.57,850.0,433832.87,Delivered
PO01337,V020,P016,2025-01-18,2025-01-27,2025-01-27,100,96,496.46,480.0,47660.16,Delivered
PO01338,V020,P015,2025-09-04,2025-09-13,2025-09-15,25,23,216.15,210.0,4971.45,Partial
PO01339,V020,P014,2025-05-04,2025-05-10,2025-05-09,200,190,313.82,320.0,59625.8,Delivered
PO01340,V020,P013,2025-01-01,2025-01-07,2025-01-06,25,24,890.56,850.0,21373.44,Delivered
PO01341,V020,P012,2025-03-22,2025-03-31,2025-03-29,100,101,660.41,650.0,66701.41,Delivered
PO01342,V020,P016,2025-09-24,2025-10-04,2025-10-05,50,52,478.98,480.0,24906.96,Delivered
PO01343,V020,P015,2025-03-04,2025-03-08,2025-03-06,10,10,208.86,210.0,2088.6,Delivered
PO01344,V020,P016,2025-05-14,2025-05-21,2025-05-21,25,23,504.65,480.0,11606.95,Partial
PO01345,V020,P015,2025-03-22,2025-04-01,2025-03-30,100,101,237.73,210.0,24010.73,Delivered
PO01346,V020,P016,2025-01-16,2025-01-25,2025-01-26,500,474,465.79,480.0,220784.46,Partial
PO01347,V020,P014,2025-06-06,2025-06-15,2025-06-15,20,18,338.34,320.0,6090.12,Partial
PO01348,V020,P016,2025-03-23,2025-04-01,2025-04-01,50,49,497.42,480.0,24373.58,Delivered
PO01349,V020,P014,2025-06-16,2025-06-20,2025-06-20,500,460,345.43,320.0,158897.8,Partial
PO01350,V020,P015,2025-08-14,2025-08-18,2025-08-16,20,19,221.2,210.0,4202.8,Delivered
PO01351,V020,P014,2025-01-04,2025-01-10,2025-01-10,10,10,331.15,320.0,3311.5,Delivered
PO01352,V020,P014,2025-04-26,2025-04-30,2025-04-29,25,24,305.03,320.0,7320.72,Delivered
PO01353,V020,P015,2025-09-07,2025-09-11,2025-09-12,25,22,231.05,210.0,5083.1,Partial
PO01354,V020,P007,2025-01-03,2025-01-11,2025-01-12,100,97,858.04,780.0,83229.88,Delivered
PO01355,V020,P011,2025-01-15,2025-01-25,2025-01-27,500,482,7899.35,8500.0,3807486.7,Delivered
PO01356,V020,P016,2025-01-20,2025-01-30,2025-01-28,200,166,497.8,480.0,82634.8,Partial
PO01357,V020,P013,2025-01-15,2025-01-25,2025-01-26,200,208,873.32,850.0,181650.56,Delivered
PO01358,V020,P014,2025-01-20,2025-01-26,2025-01-25,10,10,347.93,320.0,3479.3,Delivered
PO01359,V020,P013,2025-03-22,2025-04-01,2025-04-02,200,182,878.72,850.0,159927.04,Partial
PO01360,V020,P016,2025-09-01,2025-09-10,2025-09-10,10,9,509.83,480.0,4588.47,Partial
PO01361,V020,P004,2025-09-07,2025-09-15,2025-09-16,20,18,254.71,260.0,4584.78,Partial
PO01362,V020,P016,2025-01-25,2025-02-03,2025-02-02,20,21,459.13,480.0,9641.73,Delivered
PO01363,V020,P016,2025-02-01,2025-02-11,2025-02-13,500,454,459.51,480.0,208617.54,Partial
PO01364,V020,P014,2025-01-19,2025-01-26,2025-01-27,10,10,342.06,320.0,3420.6,Delivered
PO01365,V020,P002,2025-02-16,2025-02-23,2025-02-21,50,47,320.82,320.0,15078.54,Partial
PO01366,V020,P009,2025-01-01,2025-01-07,2025-01-07,10,10,42040.05,42000.0,420400.5,Delivered
PO01367,V020,P013,2025-04-04,2025-04-09,2025-04-10,500,512,863.14,850.0,441927.68,Delivered
PO01368,V020,P013,2025-03-03,2025-03-07,2025-03-01,25,24,905.48,850.0,21731.52,Delivered
PO01369,V020,P016,2025-04-06,2025-04-13,2025-04-14,25,25,503.98,480.0,12599.5,Delivered
PO01370,V020,P016,2025-09-05,2025-09-12,2025-09-12,10,9,523.44,480.0,4710.96,Partial
PO01371,V020,P013,2025-03-07,2025-03-14,2025-03-14,500,461,927.06,850.0,427374.66,Partial
PO01372,V020,P015,2025-08-17,2025-08-21,2025-08-22,50,49,231.14,210.0,11325.86,Delivered
PO01373,V020,P015,2025-04-18,2025-04-25,2025-04-25,20,21,228.66,210.0,4801.86,Delivered
PO01374,V020,P015,2025-06-01,2025-06-06,2025-06-08,200,209,224.26,210.0,46870.34,Delivered
PO01375,V020,P014,2025-08-26,2025-09-02,2025-08-31,500,474,329.55,320.0,156206.7,Partial
PO01376,V020,P013,2025-08-21,2025-08-29,2025-08-28,500,452,853.7,850.0,385872.4,Partial
PO01377,V020,P015,2025-08-08,2025-08-12,2025-08-11,500,487,218.16,210.0,106243.92,Delivered
PO01378,V020,P007,2025-03-15,2025-03-24,2025-03-23,10,9,846.46,780.0,7618.14,Partial
PO01379,V020,P009,2025-03-02,2025-03-10,2025-03-11,500,466,42975.19,42000.0,20026438.54,Partial
PO01380,V020,P016,2025-03-22,2025-03-30,2025-03-30,25,25,480.82,480.0,12020.5,Delivered
PO01381,V020,P016,2025-06-02,2025-06-08,2025-06-08,50,48,497.45,480.0,23877.6,Delivered
PO01382,V020,P015,2025-09-23,2025-09-30,2025-10-02,100,93,208.52,210.0,19392.36,Partial
PO01383,V020,P003,2025-06-17,2025-06-26,2025-06-29,500,451,169.09,180.0,76259.59,Partial
PO01384,V020,P013,2025-03-23,2025-03-29,2025-03-30,50,52,852.44,850.0,44326.88,Delivered
PO01385,V020,P015,2025-06-20,2025-06-28,2025-06-28,10,10,198.2,210.0,1982.0,Delivered
PO01386,V020,P013,2025-05-01,2025-05-11,2025-05-11,100,91,846.15,850.0,76999.65,Partial
PO01387,V020,P008,2025-01-03,2025-01-13,2025-01-14,50,48,383.25,410.0,18396.0,Delivered
PO01388,V020,P016,2025-09-22,2025-09-29,2025-09-27,500,446,515.84,480.0,230064.64,Partial
PO01389,V020,P012,2025-02-25,2025-03-04,2025-03-03,20,20,604.98,650.0,12099.6,Delivered
PO01390,V020,P013,2025-07-15,2025-07-24,2025-07-25,25,26,834.71,850.0,21702.46,Delivered
PO01391,V020,P014,2025-08-07,2025-08-17,2025-08-18,20,20,319.77,320.0,6395.4,Delivered
PO01392,V020,P016,2025-09-08,2025-09-14,2025-09-11,200,186,521.52,480.0,97002.72,Partial
PO01393,V020,P014,2025-02-23,2025-03-05,2025-03-05,50,46,353.24,320.0,16249.04,Partial
PO01394,V020,P008,2025-07-04,2025-07-09,2025-07-10,20,19,399.07,410.0,7582.33,Delivered
PO01395,V020,P015,2025-04-22,2025-04-26,2025-04-26,20,21,193.98,210.0,4073.58,Delivered
PO01396,V020,P015,2025-07-24,2025-08-01,2025-07-30,500,503,215.11,210.0,108200.33,Delivered
PO01397,V020,P014,2025-02-09,2025-02-18,2025-02-17,50,52,336.83,320.0,17515.16,Delivered
PO01398,V020,P014,2025-01-01,2025-01-08,2025-01-09,25,24,326.7,320.0,7840.8,Delivered
PO01399,V020,P016,2025-01-04,2025-01-10,2025-01-08,500,521,497.35,480.0,259119.35,Delivered
PO01400,V020,P002,2025-05-02,2025-05-08,2025-05-09,100,90,345.56,320.0,31100.4,Partial
PO00666,V009,P013,2025-08-23,2025-08-27,2025-08-26,25,22,882.76,850.0,19420.72,Partial
PO00625,V008,P012,2025-05-20,2025-05-25,2025-05-22,50,50,679.74,650.0,33987.0,Delivered
PO00116,V001,P002,2025-07-16,2025-07-21,2025-07-19,10,9,342.19,320.0,3079.71,Partial
PO00479,V006,P002,2025-08-04,2025-08-09,2025-08-11,50,52,320.53,320.0,16667.56,Delivered
PO00234,V004,P012,2025-01-26,2025-02-03,2025-02-04,20,19,640.6,650.0,12171.4,Delivered
PO00725,V011,P001,2025-05-22,2025-06-03,2025-06-02,500,464,46.4,45.0,21529.6,Partial
PO00209,V004,P010,2025-06-21,2025-06-28,2025-06-27,50,45,39372.73,38000.0,1771772.85,Partial
PO00868,V012,P002,2025-03-20,2025-03-30,2025-03-29,500,516,345.43,320.0,178241.88,Delivered
PO00940,V013,P010,2025-02-02,2025-02-04,2025-02-06,200,179,40524.97,38000.0,7253969.63,Partial
PO00480,V006,P003,2025-06-15,2025-06-23,2025-06-23,200,201,175.02,180.0,35179.02,Delivered
